,S3P2_ES,,,z,S3P2,S3P2_ES,,,
895,ABOGADA,,8514,4,120,NORMAL BASICA,Ciencias FÌsico-Matem·ticas y de las IngenierÌas.,1,
654,ABOGADA,,7511,4,120,NORMALISTA,Ciencias BiolÛgicas y de la Salud.,2,
1290,ABOGADA,,7422,4,120,PROFESOR,Ciencias Sociales.,3,
1705,ABOGADO,,7332,4,121,PROFESOR EDUCADOR PREESCOLAR, Humanidades y de las Artes.,4,
1289,ABOGADO EN DERECHO PENAL,,7330,4,122,MAESTRA DE EDUCACION PRIMARIA,,,
2739,ACTUARIA,,7314,4,122,MAESTRA DE PRIMARIA,Salud,1,2
1307,ACTUARIO,,7311,4,122,MAESTRA DE PRIMARIA,Ciencias ,2,1
318,ADMINISTARACION PUBLICA,,7111,4,122,MAESTRA DE PRIMARIA,ingenierÌas,3,1
385,ADMINISTRACCION DE EMPRESAS,,5715,4,122,MAESTRO DE PRIMARIA,humanidades,4,3
748,ADMINISTRACION,,5714,4,122,MAESTRO EN EDUCACION PRIMARIA,administraciÛn,5,3
1989,ADMINISTRACION,,5611,4,122,MAESTRO EN EDUCACION PRIMARIA,artes,6,4
2071,ADMINISTRACION,,5531,4,122,NORMAL PRIMARIA,enseÒanza,7,4
1877,ADMINISTRACION,,5517,4,122,PROFESOR DE PRIMARIA,deportes,8,4
963,ADMINISTRACION,,5514,4,122,PROFESORA EDUCACION PRIMARIA,,,
1760,ADMINISTRACION,,5512,1,1800,TECNICO EN MECANICA INDUSTRIAL,,,
926,ADMINISTRACION DE EMPRESA,,5441,2,1800,DOS A√ëOS DE  CARRERA DE PRIMEROS AUXILIO,,,
2363,ADMINISTRACION DE EMPRESA,,5412,3,1800,AUXILIAR CONTABLE,,,
2276,ADMINISTRACION DE EMPRESA,,5335,3,1800,AUXILIAR DE CONTADOR,,,
1763,ADMINISTRACION DE EMPRESAS,,5315,3,1800,CARRERA COMERCIAL,,,
41,ADMINISTRACION DE EMPRESAS,,5312,3,1800,CARRERA COMERCIAL NO QUISO DAR NOMBRE,,,
1048,ADMINISTRACION DE EMPRESAS,,5311,3,1800,COMERCIAL,,,
561,ADMINISTRACION DE EMPRESAS,,5221,3,1800,CONTADOR PRIVADA,,,
490,ADMINISTRACION DE EMPRESAS,,5214,3,1800,CONTADOR PRIVADO,,,
702,ADMINISTRACION DE EMPRESAS,,5213,3,1800,CONTADOR PRIVADO,,,
2238,ADMINISTRACION DE EMPRESAS,,5123,3,1800,CONTADOR PUBLICO,,,
2228,ADMINISTRACION DE EMPRESAS,,5122,3,1800,CULTURA DE BELLEZA,,,
1592,ADMINISTRACION DE EMPRESAS,,5120,3,1800,SECRETARIA,,,
1817,ADMINISTRACION DE EMPRESAS,,5113,3,1800,SECRETARIA ADMINISTRATIVA,,,
1510,ADMINISTRACION DE EMPRESAS,,5111,3,1800,SECRETARIA AUXILIAR,,,
1426,ADMINISTRACION DE EMPRESAS,,2814,3,1800,SECRETARIA EJECUTIVA,,,
1284,ADMINISTRACION DE EMPRESAS,,2521,3,1800,SECRETARIA EJECUTIVA BILINGUE,,,
1488,ADMINISTRACION DE EMPRESAS,,2511,3,1800,SECRETARIADO,,,
589,ADMINISTRACION DE EMPRESAS,,2334,4,1800,TAQUIMECANOGRAFA,,,
5,ADMINISTRACION DE EMPRESAS,,1800,3,2121,ASISTENTE EDUCATIVO,,,
356,ADMINISTRACION DE EMPRESAS,,,3,2121,AUXILIAR EDUCATIVO PREESCOLAR,,,
1300,ADMINISTRACION DE EMPRESAS,,,5,2128,PUERICULTURA,,,
1447,ADMINISTRACION DE EMPRESAS,,,4,2213,DISE√ëO GRAFICO,,,
461,ADMINISTRACION DE EMPRESAS,,,4,2225,OLISTICA,,,
878,ADMINISTRACION DE EMPRESAS,,,2,2311,PSICOLOGIA EDUCATIVA,,,
2147,ADMINISTRACION DE EMPRESAS,,,3,2315,TECNICA EN TRABAJO SOCIAL,,,
206,ADMINISTRACION DE EMPRESAS,,,3,2315,TECNICO EN TRABAJO SOCIAL,,,
1365,ADMINISTRACION DE EMPRESAS CONSTRUCTORAS,,,3,2315,TRABAJO SOCIAL,,,
2498,ADMINISTRACION DE EMPRESAS TURISTICAS,,,3,2315,TRABAJO SOCIAL,,,
1977,ADMINISTRACION DE PEQUE√ëAS Y MEDIANAS EMPRESAS,,,3,2315,TRABAJO SOCIAL,,,
1902,ADMINISTRACION DEEMPRESAS TURISTICAS,,,3,2315,TRABAJO SOCIAL,,,
1956,ADMINISTRACION EN SISTEMAS COMPUTACIONALES,,,3,2331,CARRERA COMERCIAL,,,
672,ADMINISTRACION FINANCIERA,,,3,2331,CARRERA COMERCIAL,,,
2737,ADMINISTRACION INTERNACIONAL,,,3,2331,CARRERA COMERCIAL,,,
89,ADMINISTRACION PUBLICA,,,3,2331,CARRERA COMERCIAL DE COMERCIO,,,
531,ADMINISTRACION SERVICIOS Y OPERACIONES,,,3,2331,CARRERA TECNICA COMERCIAL,,,
550,ADMINISTRACION Y NEGOCIOS INTERNACIONALES,,,3,2331,COMERCIO,,,
2514,ADMINISTRACON EDUCATIVA,,,3,2331,COMERCIO,,,
1762,ADMINISTRADOR,,,3,2331,COMERCIO,,,
2063,ADMINISTRADOR DE EMPRESAS,,,3,2331,COPMERCIO,,,
1038,ADMINISTRCION,,,3,2331,TECNICA COMERCIAL,,,
187,ADMINSTRACION DE EMPRESAS,,,1,2334,INFORMATICA CONTABLE,,,
2587,ADMISTRACION DE EMPRESAS,,,1,2334,TECNICO EN COMPUTACI√ìN Y CONTABILIDAD,,,
1368,AGRONOMIA,,,3,2334,AUXILIAR CONTABLE,,,
2236,AGRONOMIA,,,3,2334,AUXILIAR DE CONTADOR,,,
2837,AGRONOMIA,,,3,2334,CARRERA TECNICA EN CONTADOR PRIVADO,,,
1630,ANALISTA PROGRAMADOR,,,3,2334,CONTABILIDAD,,,
2090,ARQUITECTO,,,3,2334,CONTABILIDAD,,,
2132,ARQUITECTO,,,3,2334,CONTABILIDAD,,,
1577,ARQUITECTURA,,,3,2334,CONTABILIDAD ABMINISTRATIVA,,,
1533,ARQUITECTURA,,,3,2334,CONTADOR PRIVADA -CARRERA COMERCIAL-,,,
1597,ARQUITECTURA,,,3,2334,CONTADOR PRIVADO,,,
471,ARQUITECTURA,,,3,2334,CONTADOR PRIVADO,,,
1082,ARQUITECTURA,,,3,2334,CONTADOR PRIVADO,,,
1132,ARQUITECTURA,,,3,2334,CONTADOR PRIVADO,,,
1755,ARQUITECTURA,,,3,2334,CONTADOR PRIVADO,,,
2219,ARQUITECTURA,,,3,2334,CONTADOR PRIVADO,,,
1371,ARQUITECTURA,,,3,2334,CONTADOR PRIVADO,,,
2824,ARQUITECTURA,,,3,2334,CONTADOR PRIVADO,,,
2154,ARQUITECTURA,,,3,2334,CONTADOR PRIVADO,,,
1357,ARQUITECTURA,,,3,2334,CONTADOR PRIVADO,,,
1174,ARQUITECTURA,,,3,2334,CONTADURIA,,,
519,ARQUITECTURA,,,3,2334,PROFESIONAL TECNICO CONTABLE ADMINISTRATIVO,,,
1988,ARQUITECTURA DE INTERIORES,,,3,2334,TECNICO AUXILIAR CONTABLE,,,
509,ARQUITECTYRA,,,3,2335,PROFESIONAL TECNICO EN TURISMO,,,
1339,ASISTENTE EDUCATIVO,,,3,2335,TECNICA EN HOTELERIA Y GASTRONOMIA,,,
1399,AUDITORIA,,,5,2335,GASTRONOMIA,,,
1696,AUXILIAR ADMINISTRATIVO,,,1,2441,ANALISTA PROGRAMADOR,,,
408,AUXILIAR CONTABLE,,,1,2441,CARRERA TECNICA EN INFORMATICA,,,
2391,AUXILIAR CONTABLE,,,1,2441,CARRERA TECNICA PERFORITA EN COMPUTACION,,,
2848,AUXILIAR CONTABLE,,,1,2441,INFORMATICA ADMINISTRATIVA,,,
1467,AUXILIAR CONTABLE,,,1,2441,INFORMATICA AVANZADA,,,
482,AUXILIAR CONTABLE,,,1,2441,PROGRAMADOR ANALISTA,,,
394,AUXILIAR DE CONTADOR,,,1,2441,PROGRAMADORA ANALISTA,,,
599,AUXILIAR DE CONTADOR,,,1,2441,TECNICO PROFESIONAL EN INFORMATICA,,,
1298,AUXILIAR EDUCATIVO PREESCOLAR,,,1,2441,TECNICO PROGRAMADOR,,,
1119,AUXILIAR EN ENFERMERIA,,,1,2441,TECNOLOGO PROFESIONAL ENINFRMATICA,,,
1123,BIOENERGETICA,,,1,2511,TECNICO EN MAQUINAS Y HERRAMIENTAS,,,
802,BIOLOGIA,,,1,2511,TECNICO EN PRECESOS DE PRODUCCION INDUSTRIAL,,,
2018,BIOLOGIA,,,3,2511,SUPERVISOR INDUSRTRIAL,,,
2199,BIOLOGIA MARINA,,,3,2512,CARRERA TECNICO ELECTRICISTA,,,
1316,BIOMEDICINA Y BIOTECNOLOGIA MOLECULAR,,,1,2513,ELECTRONICA,,,
1854,BIOTECNOLOGIA PRODUCTIVA,,,2,2514,TECNICO QUIMICO INDUSTRIAL,,,
1761,CARRERA COMERCIAL,,,1,2515,TECNICO AUTOMOTRIZ,,,
832,CARRERA COMERCIAL,,,1,2515,TECNICO MECANICO NAVAL,,,
1916,CARRERA COMERCIAL,,,4,2517,MANTENIMIENTO DE COMPUTADORAS,,,
1505,CARRERA COMERCIAL,,,1,2521,PREPARACI√ìN DE ALIMENTOS Y BEBIDAS,,,
2599,CARRERA COMERCIAL  DE  SECRETARIADO,,,2,2521,TECNICO EN ALIMENTOS,,,
966,CARRERA COMERCIAL DE COMERCIO,,,2,2611,TECNICA AGROPECUARIA,,,
38,CARRERA COMERCIAL NO QUISO DAR NOMBRE,,,2,2712,AUXILIAR EN ENFERMERIA,,,
759,CARRERA EN RELACIONES INTERNACIONALES,,,2,2712,CARRERA TECNICA EN ENFERMERIA,,,
571,CARRERA TECNICA COMERCIAKL EN SECRETARIADO,,,2,2712,EMFERMERA DE REHABLITACION,,,
697,CARRERA TECNICA COMERCIAL,,,2,2712,ENFEMERIA,,,
1871,CARRERA TECNICA EN CONTADOR PRIVADO,,,2,2712,ENFEMERIA,,,
698,CARRERA TECNICA EN ENFERMERIA,,,2,2712,ENFERMERA,,,
2736,CARRERA TECNICA EN INFORMATICA,,,2,2712,ENFERMERA,,,
655,CARRERA TECNICA PERFORITA EN COMPUTACION,,,2,2712,ENFERMERA GENERAL,,,
1209,CARRERA TECNICO ELECTRICISTA,,,2,2712,ENFERMERA GENERAL,,,
2699,CD LIC EN ODONTOLOGIA,,,2,2712,ENFERMERA GENERAL,,,
1363,CIATURA EN SEGURIDAD PUBLICA,,,2,2712,ENFERMERIA,,,
2357,CIENCIA DE LA EDUCACION,,,2,2712,ENFERMERIA,,,
1879,CIENCIAS DE LA COMUNICACION,,,2,2712,ENFERMERIA,,,
739,CIENCIAS DE LA COMUNICACION,,,2,2712,ENFERMERIA,,,
2661,CIENCIAS DE LA COMUNICACION,,,2,2712,ENFERMERIA,,,
1694,CIENCIAS DE LA COMUNICACION,,,2,2712,TECNICA EN AUXILIAR DE ENFERMERIA,,,
94,CIENCIAS DE LA COMUNICACION,,,2,2712,TECNICA EN ENFERMERIA,,,
361,CIENCIAS DE LA COMUNICACION,,,2,2712,TECNICA EN ENFERMERIA GENERAL,,,
1108,CIENCIAS DE LA COMUNICACIONB,,,2,2712,TECNICO EN ENFERMERIA,,,
2624,CIENCIAS DE LA EDUCACION,,,2,2712,TECNICO EN ENFERMERIA,,,
609,CIENCIAS DE LA EDUCACION,,,3,2813,CULTORA DE BELLEZA,,,
149,CIENCIAS DE LA EDUCACION,,,3,2814,CARRERA COMERCIAL  DE  SECRETARIADO,,,
2368,CIENCIAS DE LA EDUCACION,,,3,2814,CARRERA TECNICA COMERCIAKL EN SECRETARIADO,,,
328,CIENCIAS DE LA EDUCACION,,,3,2814,SECRETAIRA CORRESPONSAL,,,
1355,CIENCIAS DE MATERIALES,,,3,2814,SECRETARIA,,,
274,CIENCIAS POLITICAS DE ADMINISTRACION PUBLICA,,,3,2814,SECRETARIA,,,
1771,CIENCIAS POLITICAS Y ADMINISTRACCION PUBLICA,,,3,2814,SECRETARIA,,,
1644,CIENCIAS SOCIALES,,,3,2814,SECRETARIA,,,
1136,CIENCIAS Y TECNICAS DE LA COMUNICACION,,,3,2814,SECRETARIA BILINGUE,,,
813,CINECIAS DE LA COMUNICACION,,,3,2814,SECRETARIA BILINGUE,,,
2257,CIRUJANO DENTISTA,,,3,2814,SECRETARIA BILINGUE CONTADOR PRIVADO,,,
2647,CIRUJANO DENTISTA,,,3,2814,SECRETARIA COMERCIAL,,,
796,COMERCIAL,,,3,2814,SECRETARIA COMERCIAL,,,
820,COMERCIO,,,3,2814,SECRETARIA EJECUTIVA,,,
686,COMERCIO,,,3,2814,SECRETARIA EJECUTIVA,,,
319,COMERCIO,,,3,2814,SECRETARIA EJECUTIVA,,,
198,COMERCIO EXTERIOR Y ADUANA,,,3,2814,SECRETARIA EJECUTIVA,,,
1830,COMERCIO EXTERIOR Y ADUANAS,,,3,2814,SECRETARIA EJECUTIVA,,,
146,COMERCIO EXTERIOR Y LEGISLACION ADUANERA,,,3,2814,SECRETARIA EJECUTIVA,,,
476,COMERCIO INTERNACIONA,,,3,2814,SECRETARIA EJECUTIVA,,,
1435,COMERCIO INTERNACIONAL,,,3,2814,SECRETARIA EJECUTIVA,,,
2330,COMERCIO INTERNACIONAL,,,3,2814,SECRETARIA EJECUTIVA BILINGUE Y CONTADOR PRIVADO,,,
1262,COMERCIO INTERNACIONAL,,,3,2814,SECRETARIA EJECUTIVA EN INFORMATICA,,,
48,COMERCIO INTERNACIONAL,,,3,2814,SECRETARIA EJECUTIVA Y CONTADOR PRIVADO,,,
1161,COMNICACIONES  Y ELECTRONICA,,,3,2814,SECRETARIA EJECUTIVA Y CONTADOR PRIVADO,,,
2711,COMUNICACION SOCIAL,,,3,2814,SECRETARIA EN AREAS CONTABLES Y COMERCIALES,,,
1829,COMUNICACION Y PERIODISMO,,,3,2814,SECRETARIA TAQUIMECANOGRAFA,,,
871,COMUNICACIONES,,,3,2814,"SECRETARIA, EN AREAS CONTABLES Y COMERCIALES",,,
1866,CONSULTORIO JURIDICO,,,3,2814,SECRETARIADO,,,
1176,CONTABILIDAD,,,3,2814,SECRETARIADO,,,
2601,CONTABILIDAD,,,3,2814,SECRETARIADO,,,
2620,CONTABILIDAD,,,3,2814,SECRETARIADO,,,
273,CONTABILIDAD,,,3,2814,SECRETARIADO,,,
2181,CONTABILIDAD,,,3,2814,SECRETARIADO,,,
1359,CONTABILIDAD,,,3,2814,SECRETARIADO COMERCIAL,,,
2239,CONTABILIDAD,,,3,2814,SECRETARIADO EJECUTIVO,,,
330,CONTABILIDAD,,,3,2814,SECRETARIADO EJECUTIVO,,,
259,CONTABILIDAD,,,4,2814,SECRETARA EJECUTIVA,,,
211,CONTABILIDAD ABMINISTRATIVA,,,4,2814,TAQUIMACANOGRAFIA,,,
2651,CONTABILIDAD PUBLICA,,,3,2831,TECNICO EN SEGURIDAD INDUSTRIAL,,,
2216,CONTABILIDAD PUBLICA,,,4,4120,MAESTRA,,,
1390,CONTABILIDAD Y ADMINISTRACION,,,5,4128,TECNICO EN PUERICULTURA INFANTIL,,,
2029,CONTADOR PRIVADA,,,4,4213,DISE√ëO GARFICO,,,
2715,CONTADOR PRIVADA -CARRERA COMERCIAL-,,,4,4214,DISE√ëO DE MODAS,,,
2124,CONTADOR PRIVADO,,,4,4214,DISE√ëO EN ALTA COSTURA,,,
241,CONTADOR PRIVADO,,,2,4311,PSICOLOGIA,,,
1703,CONTADOR PRIVADO,,,2,4311,PSICOLOGIA,,,
469,CONTADOR PRIVADO,,,3,4315,TRABAJADORA SOCIAL,,,
272,CONTADOR PRIVADO,,,3,4321,CIENCIAS DE LA COMUNICACIONB,,,
326,CONTADOR PRIVADO,,,3,4334,AUXILIAR CONTABLE,,,
587,CONTADOR PRIVADO,,,3,4334,AUXILIAR CONTABLE,,,
2763,CONTADOR PRIVADO,,,3,4334,AUXILIAR CONTABLE,,,
344,CONTADOR PRIVADO,,,3,4334,CONTABILIDAD PUBLICA,,,
427,CONTADOR PRIVADO,,,3,4334,CONTADOR PRIVADO,,,
601,CONTADOR PRIVADO,,,3,4334,CONTADURIA,,,
2572,CONTADOR PRIVADO,,,3,4335,ADMINISTRACION DE EMPRESAS,,,
2208,CONTADOR PRIVADO,,,3,4335,GESTION EMPRESARIAL,,,
2360,CONTADOR PRIVADO,,,1,4432,ACTUARIO,,,
2445,CONTADOR PUBLICO,,,1,4441,PROGRAMADOR ANALISTA,,,
2327,CONTADOR PUBLICO,,,1,4441,PROGRAMADOR ANALISTA EN INFORMATICA,,,
2112,CONTADOR PUBLICO,,,1,4441,TECNICO EN COMPUTACION,,,
1898,CONTADOR PUBLICO,,,1,4441,TECNICO SUPERIOR UNIVERSITARIO EN INFORMATICA,,,
2121,CONTADOR PUBLICO,,,1,4441,TECNICO SUPERIOR UNIVERSITARIO EN INFORMATICA ADMI,,,
2125,CONTADOR PUBLICO,,,1,4511,MANTENIMIENTO INDUSTRIAL,,,
2324,CONTADOR PUBLICO,,,1,4515,MECANICA AUTOMOTRIZ,,,
172,CONTADOR PUBLICO,,,1,4515,TECNICO DE AVIACION,,,
1767,CONTADOR PUBLICO,,,1,4515,TSU EN MANUFACTURA AERONAUTICA EN MAQUINARIA DE PR,,,
2142,CONTADOR PUBLICO,,,2,4621,TECNICO VETERINARIO,,,
560,CONTADOR PUBLICO,,,2,4712,ENFERMERA,,,
2450,CONTADOR PUBLICO,,,2,4712,ENFERMERIA,,,
470,CONTADOR PUBLICO,,,2,4712,ENFERMERIA,,,
2755,CONTADOR PUBLICO,,,2,4713,ESPECIALISTA EN PROTESIS DENTALES,,,
575,CONTADOR PUBLICO,,,2,4713,ODONTOLOGIA,,,
814,CONTADOR PUBLICO,,,2,4715,PROFESIONAL ASOCIADO EN TERAPIA FISICA,,,
2489,CONTADOR PUBLICO,,,3,4814,SECRETARIA EJECUTIVA,,,
775,CONTADOR PUBLICO,,,3,4814,SECRETARIADO COMERCIAL,,,
2446,CONTADOR PUBLICO AUDITOR,,,3,5110,CIENCIA DE LA EDUCACION,,,
2143,CONTADOR PUBLICO Y AUDITOR,,,3,5110,CIENCIAS DE LA EDUCACION,,,
2654,CONTADURIA,,,3,5110,CIENCIAS DE LA EDUCACION,,,
2436,CONTADURIA,,,3,5110,CIENCIAS DE LA EDUCACION,,,
2809,CONTADURIA,,,3,5110,EDUCACION,,,
1369,CONTADURIA,,,3,5110,LECENCIATURA EN EDUCACION,,,
1319,CONTADURIA,,,3,5110,LICENCIADA EN CIENCIAS DE LA EDUCACION,,,
2662,CONTADURIA,,,3,5110,LICENCIADA EN EDUCACION,,,
872,CONTADURIA,,,3,5110,LICENCIADA EN EDUCACION,,,
1090,CONTADURIA,,,3,5110,LICENCIADA EN EDUCACION,,,
721,CONTADURIA,,,3,5110,LICENCIATURA EN EDUCACION,,,
2536,CONTADURIA,,,3,5110,LICENCIATURA EN EDUCACION,,,
173,CONTADURIA PUBLICA,,,3,5110,LICENCIATURA EN EDUCACION,,,
2332,CONTADURIA PUBLICA,,,3,5110,LICENCIATURA EN EDUCAION,,,
2155,CONTADURIA PUBLICA,,,2,5111,"LIC, EN PEDAGOGIA",,,
2156,CONTADURIA PUBLICA,,,2,5111,LICENCIATURA EN PEDAGOGIA,,,
2342,CONTADURIA PUBLICA,,,2,5111,LICENCIATURA EN PEDAGOG√çA,,,
1189,CONTADURIA PUBLICA,,,3,5111,LICENCIATURA EN EDUCACION SUPERIOR,,,
2513,CONTADURIA PUBLICA,,,4,5111,PEDAGOGIA,,,
539,CONTADURIA PUBLICA,,,4,5111,PEDAGOGIA,,,
543,CONTADURIA PUBLICA,,,2,5113,PSICOLOGIA EDUCATIVA,,,
2231,COPMERCIO,,,3,5113,LICENCIATURA EN INTERVENCION EDUCATICA,,,
2485,CRIMINOLOGIA,,,3,5120,DOCENTE EN EDUCACION,,,
1272,"CRIMINOLOGIA, CRIMINALISTICA",,,4,5120,NORMAL,,,
1695,CULTORA DE BELLEZA,,,4,5120,NORMAL SUPERIOR,,,
1160,CULTURA DE BELLEZA,,,3,5121,EDUCACION PREESCOLAR,,,
1424,DANZA CONTEMPORANEA,,,3,5121,LIC EN EDEUCACION PREESCOLAR,,,
333,DERECHO,,,3,5121,LIC.EN EDUACION PREESCOLAR,,,
876,DERECHO,,,3,5121,LICENCIATURA EN EDUCACION PEESCOLAR,,,
1078,DERECHO,,,3,5121,LICENCIATURA EN EDUCACION PREESCOLAR,,,
1067,DERECHO,,,3,5121,LICENCIATURA EN EDUCACION PREESCOLAR,,,
182,DERECHO,,,3,5121,LICENCIATURA EN EDUCACION PREESCOLAR,,,
354,DERECHO,,,3,5121,LICENCIATURA EN EDUCACION PREESCOLAR,,,
740,DERECHO,,,3,5121,LICENCIATURA EN PREESCOLAR,,,
2510,DERECHO,,,3,5122,LICENCIADA EN EDUCACION PRIMARIA,,,
1016,DERECHO,,,3,5122,LICENCIADA EN EDUCACION PRIMARIA,,,
649,DERECHO,,,3,5122,LICENCIADA EN EDUCACION PRIMARIA,,,
1820,DERECHO,,,3,5122,LICENCIADO EN EDUCACION PRIMARIA,,,
1433,DERECHO,,,3,5122,LICENCIADO EN EDUCACION PRIMARIA,,,
1596,DERECHO,,,3,5122,LICENCIADO EN EDUCACION PRIMARIA,,,
2369,DERECHO,,,3,5122,LICENCIATURA EN EDUCACION BASICA,,,
2792,DERECHO CONSTITUCIONAL,,,3,5122,LICENCIATURA EN EDUCACION PRIMARIA,,,
1804,DERECHO FISCAL Y EMPRESARIAL,,,3,5122,LICENCIATURA EN EDUCACION PRIMARIA,,,
322,DERECHO HESTION YAMPARO,,,3,5122,LICENCIATURA EN EDUCACION PRIMARIA,,,
2107,DERECHO PENAL,,,3,5122,LICENCIATURA EN EDUCACION PRIMARIA,,,
1689,DERECHO Y CIENCIAS JURIDICAS,,,4,5122,MAESTRA DE EDUCACION PRIMARIA,,,
2141,DESARROLLO DE NEGOCIOS,,,4,5122,PROFESOR DE EDUCACION PRIMARIA,,,
1873,DESARROLLO E INNOVACION EMPRESARIAL,,,3,5123,EDUCACION SECUNDARIA,,,
1427,DIFICULTADES EN EL APRENDIZAJE,,,3,5123,LICENCIATURA EN ESPA√ëOL,,,
958,DISE√ëO,,,4,5123,MAESTRA DE NIVEL SECUNDARIA,,,
1058,DISE√ëO DE INTERIORES,,,3,5126,EDUCACIOON FISICA,,,
1924,DISE√ëO DE MODAS,,,3,5126,LICENCIADO EN EDUCACION FISICA,,,
864,DISE√ëO DE MODAS Y CALZADO,,,3,5126,LICENCIATURA EN CIENCIAS SOCIALES,,,
704,DISE√ëO EN ALTA COSTURA,,,3,5126,LICENCIATURA EN EDUCACION FISICA,,,
400,DISE√ëO GARFICO,,,3,5128,LICENCIADA EN EDUCACION ESP√âCIAL,,,
1809,DISE√ëO GRAFICO,,,3,5128,LICENCIADA EN EDUCACION INICIAL,,,
2093,DISE√ëO GRAFICO,,,4,5211,LICENCIATURA EN ARTES PLASTICAS,,,
1765,DISE√ëO GRAFICO,,,4,5212,DANZA CONTEMPORANEA,,,
91,DISE√ëO GRAFICO,,,4,5212,LIC. EN CANTO GREGORIANO,,,
1193,DISE√ëO GRAFICO,,,4,5212,LICENCIATURA EN DANSA CONTEMPORANEA,,,
250,DOCENCIA E INOVACION EDUCATIVA,,,3,5213,LICENCIADO EN DISE√ëO GRAFICO,,,
2434,DOCENTE EN EDUCACION,,,4,5213,DISE√ëO GRAFICO,,,
1302,DOCTORA,,,4,5213,DISE√ëO GRAFICO,,,
2687,DOCTORADO EN CIENCIAS DE LA EDUCACION,,,4,5213,DISE√ëO GRAFICO,,,
1605,DOCTORADO EN CIENCIAS SOCIALES Y HUMANIDADES,,,4,5213,DISE√ëO GRAFICO,,,
1212,DOCTORADO EN EDUCACION,,,4,5213,LICENCIATURA EN DISE√ëO GRAFICO,,,
457,DOCTORADO EN EDUCACION,,,4,5213,LICENCIATURA EN DISE√ëO GR√ÅFICO,,,
552,DOCTORADO EN ESTUDIOS REGIONALES,,,4,5213,LICENCIATURA EN DISE√ëO PARA LA COMUNICACION GRAFIC,,,
2800,DOCTORADO EN INVESTIGACION DE  SUELOS Y AGUA,,,1,5214,ARQUITECTURA DE INTERIORES,,,
405,DOS A√ëOS DE  CARRERA DE PRIMEROS AUXILIO,,,1,5214,INGENIERIA EN DISE√ëO TEXTIL Y MODA,,,
2164,ECONOMIA,,,2,5214,LICENCIADA EN DISE√ëO DE MODAS,,,
2414,EDUCACION,,,3,5214,LICENCIADO EN DISE√ëO,,,
1841,EDUCACION PREESCOLAR,,,3,5214,LICENCIADO EN DISE√ëO,,,
1417,EDUCACION SECUNDARIA,,,4,5214,DISE√ëO,,,
803,EDUCACIOON FISICA,,,4,5214,DISE√ëO DE INTERIORES,,,
695,ELECTRONICA,,,4,5214,DISE√ëO DE MODAS Y CALZADO,,,
2575,ELECTRONICA Y COMUNICASIONES,,,3,5221,LIC. EN TEOLOGIA CON  ENFASIS EN IDIOMAS,,,
212,ELETROMECANICA,,,5,5221,SACERDOTE,,,
2515,EMFERMERA DE REHABLITACION,,,3,5222,IDIOMAS,,,
320,EN ADMINISTRACION DE EMPRESAS,,,3,5222,IDIOMAS,,,
1138,EN CIENCIAS DE NUTRICION TRASNACIONAL,,,3,5222,IDIOMAS APLICADOS,,,
1831,EN CIENCIAS SOCIALES EN ESTUDIOS CULTURALES,,,3,5222,LENGUA INGLESA,,,
1204,EN GESTION DE SERVICIOS GASTRONOMICOS,,,3,5222,LENGUAS EXTRANJERAS,,,
1373,ENERGIA RENOVABLES,,,3,5222,LICENCIARURA EN INGLES,,,
2182,ENFEMERIA,,,4,5223,LENGUISTICA APLICADA,,,
185,ENFEMERIA,,,4,5223,LETRAS HISPANICAS,,,
1753,ENFERMERA,,,4,5223,LINGUISTICA,,,
1522,ENFERMERA,,,3,5224,LICENCIATURA EN HISTORIA,,,
763,ENFERMERA,,,4,5225,FILOSOFIA Y LETRAS,,,
167,ENFERMERA,,,4,5225,FILOSOFIA Y LETRAS,,,
653,ENFERMERA,,,2,5311,LICENCIADA EN PSICOLOGIA,,,
1621,ENFERMERA GENERAL,,,2,5311,LICENCIADA EN PSICOLOGIA,,,
1647,ENFERMERA GENERAL,,,2,5311,LICENCIATURA EN PSICOLOGIA,,,
1876,ENFERMERA GENERAL,,,2,5311,LICENCIATURA EN PSICOLOGIA,,,
357,ENFERMERIA,,,2,5311,LICENCIATURA EN PSICOLOGIA,,,
1159,ENFERMERIA,,,2,5311,LICENCIATURA EN PSICOLOGIA,,,
1419,ENFERMERIA,,,2,5311,LICENCIATURA EN PSICOLOGIA,,,
2670,ENFERMERIA,,,2,5311,PSICOLOGIA,,,
368,ENFERMERIA,,,2,5311,PSICOLOGIA,,,
1857,ENFERMERIA,,,2,5311,PSICOLOGIA,,,
2192,ENFERMERIA,,,2,5311,PSICOLOGIA,,,
664,ENFERMERIA,,,2,5311,PSICOLOGIA,,,
874,ENFERMERIA,,,2,5311,PSICOLOGIA,,,
969,ENFERMERIA,,,2,5311,PSICOLOGIA,,,
139,ENFERMERIA,,,2,5311,PSICOLOGIA,,,
1846,ENFERMERIA,,,2,5311,PSICOLOGIA,,,
2025,ENFERMERIA GENERAL,,,2,5311,PSICOLOGIA,,,
1056,ENFERMERIA INFANTIL,,,2,5311,PSICOLOGIA,,,
2428,ENFERMERIA PEDIATRICA,,,2,5311,PSICOLOGIA CLINICA,,,
1598,ENFERMERIA Y OBSTETRICIA,,,3,5311,SICOLOGIA,,,
2740,ENTRENADORA DE EDUCACION,,,3,5311,SICOLOGIA,,,
1945,ESPECIALIDAD EN GINECOLOG√çA,,,1,5312,INGENIERO EN DESARROLLO RURAL,,,
2065,ESPECIALIDAD EN INGENIERIA URBANA,,,1,5312,INGENIERO EN DESARROLLO RURAL,,,
2069,ESPECIALIDAD EN PSICOLOGIA ESDUCATIVA,,,3,5312,SOCIOLOGIA,,,
2073,ESPECIALISTA EN PROTESIS DENTALES,,,3,5313,CARRERA EN RELACIONES INTERNACIONALES,,,
496,ESPECIALIZADO EN MATEMATICAS,,,3,5313,RELACIONES INTERNACIONALES,,,
374,ESTADISTICAS EXPRIMENTADAS,,,3,5314,ECONOMIA,,,
1858,ESTOMATOLOGIA,,,3,5314,LIC. EN ECONOMIA,,,
2511,ESTOMATOLOGIA,,,3,5314,LICENCIADO EN ECONOMIA,,,
1810,ESTOMATOLOGIA,,,3,5314,LICENCIATURA EN ECONOMIA,,,
522,EVALUACION DE PROYECTOS,,,3,5314,LICENCIATURA EN ECONOMIA,,,
506,Especialidad en direcci√≥n de organizaciones tur√≠st,,,3,5314,LICENCIATURA EN ECONOMIA,,,
1326,FILOSOFIA Y LETRAS,,,3,5315,LIC. EN TRABAJO SOCIAL,,,
1800,FILOSOFIA Y LETRAS,,,3,5315,LICENCIADA EN TRABAJO SOCIAL,,,
66,FINANZAS,,,3,5315,LICENCIADA EN TRABAJO SOCIAL,,,
452,FINANZAS,,,3,5315,LICENCIATURA EN TRABAJO SOCIAL,,,
1420,FINANZAS INTERNACIONALES,,,3,5315,TRABAJADORA SOCIAL,,,
286,FISIOTERAPIA,,,3,5315,TRABAJO SOCIAL,,,
1751,FISIOTERAPIA,,,3,5315,TRABAJO SOCIAL,,,
2578,FISIOTERAPIA,,,3,5315,TRABAJO SOCIAL,,,
990,FORMACION DOCENTE,,,3,5315,TRABAJO SOCIAL,,,
1509,GASTRONOMIA,,,5,5315,GERONTOLOGIA,,,
1428,GASTRONOMIA,,,3,5321,CIENCIAS DE LA COMUNICACION,,,
1984,GASTRONOMIA,,,3,5321,CIENCIAS DE LA COMUNICACION,,,
1115,GASTRONOMIA,,,3,5321,CIENCIAS DE LA COMUNICACION,,,
1878,GASTRONOMIA,,,3,5321,CIENCIAS DE LA COMUNICACION,,,
2697,GASTRONOMIA,,,3,5321,CIENCIAS DE LA COMUNICACION,,,
751,GASTRONOMIA,,,3,5321,CIENCIAS DE LA COMUNICACION,,,
961,GASTRONOMIA,,,3,5321,CIENCIAS Y TECNICAS DE LA COMUNICACION,,,
2738,GERONTOLOGIA,,,3,5321,CINECIAS DE LA COMUNICACION,,,
2556,GESTION EMPRESARIAL,,,3,5321,COMUNICACION SOCIAL,,,
2494,GESTION EMPRESARIAL,,,3,5321,COMUNICACION Y PERIODISMO,,,
1106,GESTION PEDAGOGICA,,,3,5321,LICENCIADO EN CIENCIAS DE LA COMUNICACION,,,
555,GESTION TURISTICA,,,3,5321,PERIODISMO,,,
910,GESTION Y DESARROLLO  TURISTICO,,,3,5330,ADMINISTRACION,,,
2593,GESTION Y DESARROLLO TURISTICO,,,3,5330,ADMINISTRACION,,,
1401,GINECOLOGIA,,,3,5330,ADMINISTRACION,,,
773,HISTOPATOLOGIA,,,3,5330,ADMINISTRACION,,,
1739,IDIOMAS,,,3,5330,ADMINISTRACION,,,
1137,IDIOMAS,,,3,5330,ADMINISTRACION,,,
2551,IDIOMAS APLICADOS,,,3,5330,ADMINISTRADOR,,,
1358,IJNGENERIA INDUSTRIAL,,,3,5330,LIC ADMINISTRACION,,,
2294,IMNGENIERO MINERO,,,3,5330,LIC EN ADMINISTRACION,,,
8,INEGENIERIA INDUSTRIAL ELECTRICA,,,3,5330,LICENCIADA EN ADMINISTRACION,,,
1039,INFORMATICA,,,3,5330,LICENCIADA EN ADMINISTRACION,,,
1381,INFORMATICA,,,3,5330,LICENCIATURA ADMINISTRATIVA,,,
818,INFORMATICA,,,3,5330,LICENCIATURA EN ADMINISTRACION,,,
1155,INFORMATICA ADMINISTRATIVA,,,3,5330,LICENCIATURA EN ADMINISTRACION,,,
1404,INFORMATICA ADMINISTRATIVA,,,3,5330,LICENCIATURA EN ADMINISTRACION,,,
1655,INFORMATICA AVANZADA,,,3,5330,LICENCIATURA EN ADMINISTRACION,,,
2221,INFORMATICA CONTABLE,,,3,5330,LICENCIATURA EN ADMINISTRACION,,,
401,ING. EN GESTION EMPRESARIAL,,,3,5330,LICENCIATURA EN ADMINISTRACION,,,
432,ING. INDISTRIAL,,,3,5330,LICENCIATURA EN ADMINISTRACION,,,
409,ING. INDUSTRIAL Y SISTEMAS,,,3,5330,LICENCIATURA EN ADMINISTRACION,,,
362,ING. MECANICO ADMINISTRADOR,,,3,5330,LICENCIATURA EN ADMINISTRACION,,,
1143,INGENERIA AMBIENTAL,,,3,5330,LICENCIATURA EN ADMINISTRACION,,,
2420,INGENERIA CIVIL,,,3,5330,LICENCIATURA EN ADMINISTRACI√ìN,,,
246,INGENERIA CIVIL,,,3,5331,ADMINISTRACION Y NEGOCIOS INTERNACIONALES,,,
199,INGENERIA ELECTRO MECANICA,,,3,5331,COMERCIO EXTERIOR Y ADUANA,,,
1210,INGENERIA EN MANTENIMIENTO INDUSTRIAL,,,3,5331,COMERCIO EXTERIOR Y ADUANAS,,,
265,INGENERIA EN TECNOLOGIA COMPUTACIONAL,,,3,5331,COMERCIO EXTERIOR Y LEGISLACION ADUANERA,,,
2267,INGENIERI CIVIL,,,3,5331,COMERCIO INTERNACIONA,,,
233,INGENIERI EN DESARROLLO COMPUTACIONAL,,,3,5331,COMERCIO INTERNACIONAL,,,
1089,INGENIERIA,,,3,5331,COMERCIO INTERNACIONAL,,,
2301,INGENIERIA AMBIENTAL,,,3,5331,COMERCIO INTERNACIONAL,,,
1660,INGENIERIA BIOMEDICA,,,3,5331,COMERCIO INTERNACIONAL,,,
2152,INGENIERIA BIOQUIMICA,,,3,5331,DESARROLLO DE NEGOCIOS,,,
1397,INGENIERIA CIVIL,,,3,5331,LIC. EN NEGOCIOS INTERNACIONALES,,,
284,INGENIERIA CIVIL,,,3,5331,LICENCIADO EN COMERCIO EXTERIOR,,,
402,INGENIERIA CIVIL,,,3,5331,LICENCIATURA EN COMERCIO EXTERIOR,,,
2329,INGENIERIA CIVIL,,,3,5331,LICENCIATURA EN COMERCIO INTERNACIONAL,,,
2328,INGENIERIA CIVIL,,,3,5331,LICENCIATURA EN RELACIONES COMERCIALES,,,
2146,INGENIERIA CIVIL,,,3,5331,NBEGOCIOS INTERNACIONALES,,,
1974,INGENIERIA CIVIL,,,3,5331,NEGOCIOS INTERNACIONALES,,,
2682,INGENIERIA CIVIL,,,3,5332,LIC. EN MERCADOTECNIA,,,
2205,INGENIERIA CIVIL,,,3,5332,LICENCIADA EN MERCADOTECNIA,,,
1400,INGENIERIA CIVIL,,,3,5332,LICENCIADO EN MERCADOTECNIA,,,
349,INGENIERIA CIVIL Y ADMINISTRACION,,,3,5332,LICENCIADO EN MERCADOTECNIA,,,
2179,"INGENIERIA CIVIL, ESPECIALIDAD EN HIDROLOGIA CON M",,,3,5332,LICENCIATURA EN MERCADOTECNIA,,,
1301,INGENIERIA DE LAS REACCIONES QUIMICAS,,,3,5332,LICENCIATURA EN MERCADOTECNIA,,,
535,INGENIERIA DEL MEDIO AMBIENTE,,,3,5332,LICENCIATURA EN MERCADOTECNIA,,,
1104,INGENIERIA ECONOMICA Y FINANCIERA,,,3,5332,LICENCIATURA EN MERCADOTECNIA,,,
2641,INGENIERIA ELECTRONICA,,,3,5332,LICENCIATURA EN MERCADOTECNIA Y PUBLICIDAD,,,
2374,INGENIERIA ELECTRONICA,,,3,5332,MERCADOTECNIA,,,
1041,INGENIERIA EN ALIMENTOS,,,3,5332,MERCADOTECNIA,,,
741,INGENIERIA EN COMPUTACION,,,3,5332,MERCADOTECNIA,,,
2771,INGENIERIA EN COMUNICACIONES Y ELECTRONICA,,,3,5332,PUBLICIDAD Y MERCADOTECNIA,,,
1516,INGENIERIA EN DISE√ëO TEXTIL Y MODA,,,3,5333,FINANZAS,,,
111,INGENIERIA EN ELECTRONICA,,,3,5333,LICENCIATURA EN BANCA Y FINANZAS,,,
1142,INGENIERIA EN ENERGIA,,,3,5333,LICENCIATURA EN FINANZAS Y BANCA,,,
2810,INGENIERIA EN GESTION EMPRESARIAL,,,3,5334,CONTABILIDAD,,,
2038,INGENIERIA EN GESTION EMPRESARIAL,,,3,5334,CONTABILIDAD,,,
537,INGENIERIA EN GESTION EMPRESARIAL,,,3,5334,CONTABILIDAD,,,
908,INGENIERIA EN GESTION EMPRESARIAL,,,3,5334,CONTABILIDAD,,,
2550,INGENIERIA EN GESTION EMPRESARIAL,,,3,5334,CONTABILIDAD,,,
1080,INGENIERIA EN GESYTION EMPRESARIAL,,,3,5334,CONTABILIDAD,,,
2296,INGENIERIA EN INFORMATICA,,,3,5334,CONTABILIDAD PUBLICA,,,
2215,INGENIERIA EN INFORMATICA Y SISTEMAS COMPUTACIONAL,,,3,5334,CONTABILIDAD Y ADMINISTRACION,,,
1904,INGENIERIA EN INNOVAVION Y DESARROLLO EMPRESARIAL,,,3,5334,CONTADOR PRIVADO,,,
944,INGENIERIA EN LOGISTICA,,,3,5334,CONTADOR PUBLICO,,,
2692,INGENIERIA EN LOGISTICA,,,3,5334,CONTADOR PUBLICO,,,
1980,INGENIERIA EN MANTENIMIENTO  INDUSTRIAL,,,3,5334,CONTADOR PUBLICO,,,
1028,INGENIERIA EN MANTENIMIENTO INDUSTRIAL,,,3,5334,CONTADOR PUBLICO,,,
2273,INGENIERIA EN MECATRONICA,,,3,5334,CONTADOR PUBLICO,,,
1430,INGENIERIA EN MECATRONICA,,,3,5334,CONTADOR PUBLICO,,,
2209,INGENIERIA EN PROCESOS INDUSTRIALES,,,3,5334,CONTADOR PUBLICO,,,
1986,INGENIERIA EN RESTAURACION FORESTAL,,,3,5334,CONTADOR PUBLICO,,,
1899,INGENIERIA EN ROBOTICA,,,3,5334,CONTADOR PUBLICO,,,
489,"INGENIERIA EN SISTE,AS COMPUTACIONALES",,,3,5334,CONTADOR PUBLICO,,,
2033,INGENIERIA EN SISTEMA,,,3,5334,CONTADOR PUBLICO,,,
2698,INGENIERIA EN SISTEMAS,,,3,5334,CONTADOR PUBLICO,,,
2483,INGENIERIA EN SISTEMAS,,,3,5334,CONTADOR PUBLICO,,,
855,INGENIERIA EN SISTEMAS COM PUTACIONALES,,,3,5334,CONTADOR PUBLICO,,,
1105,INGENIERIA EN SISTEMAS COMPUTACINALES,,,3,5334,CONTADOR PUBLICO,,,
299,INGENIERIA EN SISTEMAS COMPUTACIONALES,,,3,5334,CONTADOR PUBLICO,,,
47,INGENIERIA EN SISTEMAS COMPUTACIONALES,,,3,5334,CONTADOR PUBLICO,,,
1024,INGENIERIA EN SISTEMAS COMPUTACIONALES,,,3,5334,CONTADOR PUBLICO AUDITOR,,,
225,INGENIERIA EN SISTEMAS COMPUTACIONALES,,,3,5334,CONTADOR PUBLICO Y AUDITOR,,,
2509,INGENIERIA EN SISTEMAS COMPUTACIONALES,,,3,5334,CONTADURIA,,,
1406,INGENIERIA EN SISTEMAS COPUTACIONALES,,,3,5334,CONTADURIA,,,
2467,INGENIERIA EN SISTEMAS DE COMPUTACION ELECTRONICA,,,3,5334,CONTADURIA,,,
1320,INGENIERIA EN SISTEMAS ENERGETICOS,,,3,5334,CONTADURIA,,,
2133,INGENIERIA EN SISTEMAS Y TECNOLOGIAS INDUSTRIALES,,,3,5334,CONTADURIA,,,
2741,INGENIERIA EN SOFTWARE,,,3,5334,CONTADURIA,,,
1669,INGENIERIA EN TECNOLOGIA DE SOFTWARE,,,3,5334,CONTADURIA,,,
2456,INGENIERIA EN TECNOLOGIAS DE INFORMACION Y COMUNIC,,,3,5334,CONTADURIA PUBLICA,,,
1237,INGENIERIA EN TRANSPORTE,,,3,5334,CONTADURIA PUBLICA,,,
2148,INGENIERIA INDUSTRIAL,,,3,5334,CONTADURIA PUBLICA,,,
786,INGENIERIA INDUSTRIAL,,,3,5334,CONTADURIA PUBLICA,,,
2337,INGENIERIA INDUSTRIAL,,,3,5334,CONTADURIA PUBLICA,,,
590,INGENIERIA INDUSTRIAL,,,3,5334,CONTADURIA PUBLICA,,,
2772,INGENIERIA INDUSTRIAL,,,3,5334,CONTADURIA PUBLICA,,,
1471,INGENIERIA INDUSTRIAL,,,3,5334,CONTADURIA PUBLICA,,,
340,INGENIERIA INDUSTRIAL,,,3,5334,CONTADURIA PUBLICA,,,
373,INGENIERIA INDUSTRIAL,,,3,5334,LIC EN CONTABILIDAD,,,
1264,INGENIERIA INDUSTRIAL,,,3,5334,LIC EN CONTADOR PUBLICO,,,
1692,INGENIERIA INDUSTRIAL,,,3,5334,LICENCIADA EN CONTADURIA,,,
2400,INGENIERIA INDUSTRIAL,,,3,5334,LICENCIADO EN CONTADURIA,,,
2213,INGENIERIA INDUSTRIAL,,,3,5334,LICENCIADO EN CONTADURIA,,,
2293,INGENIERIA INDUSTRIAL,,,3,5334,LICENCIADO EN CONTADURIA,,,
2255,INGENIERIA INDUSTRIAL,,,3,5334,LICENCIADO EN CONTADURIA,,,
1291,INGENIERIA INDUSTRIAL,,,3,5334,LICENCIADO EN CONTADURIA PUBLICA,,,
2027,INGENIERIA INDUSTRIAL,,,3,5334,LICENCIATURA EN CONTABILIDAD,,,
103,INGENIERIA INDUSTRIAL EN ELECTRONICA,,,3,5334,LICENCIATURA EN CONTADURIA,,,
435,INGENIERIA INDUSTRIAL EN PRODUCCION,,,3,5334,LICENCIATURA EN CONTADURIA,,,
2191,INGENIERIA INDUSTRIAL ESPECIALIDAD EN PRODUCTIVIDA,,,3,5334,LICENCIATURA EN CONTADURIA,,,
2439,INGENIERIA MECANICA,,,3,5334,LICENCIATURA EN CONTADURIA,,,
1342,INGENIERIA MECANICA,,,3,5334,LICENCIATURA EN CONTADURIA,,,
2453,INGENIERIA MECANICA,,,3,5334,LICENCIATURA EN CONTADURIA PUBLICA,,,
1330,INGENIERIA MECANICA DE AVIACION,,,3,5334,LICENCIATURA EN CONTADUR√çA PUBLICA,,,
459,INGENIERIA MECANICA ELECTRICA,,,3,5334,LICENCIATURA EN NCONTABILIDAD,,,
1539,INGENIERIA MECANICA INDUSTRIAL,,,1,5335,ING. EN GESTION EMPRESARIAL,,,
1600,INGENIERIA PESQUERA,,,1,5335,ING. MECANICO ADMINISTRADOR,,,
2435,INGENIERIA QUIMICA,,,1,5335,INGENIERIA CIVIL Y ADMINISTRACION,,,
2582,INGENIERIA QUIMICA,,,1,5335,INGENIERIA EN GESTION EMPRESARIAL,,,
2399,INGENIERIA QUIMICA,,,1,5335,INGENIERIA EN GESTION EMPRESARIAL,,,
2490,INGENIERIA QUIMICA,,,1,5335,INGENIERIA EN GESTION EMPRESARIAL,,,
1350,INGENIERIA QUIMICA,,,1,5335,INGENIERIA EN GESTION EMPRESARIAL,,,
1842,INGENIERIA TEXTIL,,,1,5335,INGENIERIA EN GESTION EMPRESARIAL,,,
513,INGENIERIRIA EN SISTEMA,,,1,5335,INGENIERIA EN GESYTION EMPRESARIAL,,,
1587,INGENIERO,,,1,5335,INGENIERIA EN INNOVAVION Y DESARROLLO EMPRESARIAL,,,
1299,INGENIERO,,,1,5335,INGENIERIA EN LOGISTICA,,,
2366,INGENIERO AGRONOMO,,,1,5335,INGENIERIA EN LOGISTICA,,,
2492,INGENIERO AGRONOMO,,,1,5335,INGENIERO EN DESARROLLO E INOVACION EMPRESARIAL,,,
2023,INGENIERO AGRONOMO,,,3,5335,ADMINISTRACCION DE EMPRESAS,,,
2716,INGENIERO AGRONOMO,,,3,5335,ADMINISTRACION DE EMPRESA,,,
1756,INGENIERO CIVIL,,,3,5335,ADMINISTRACION DE EMPRESA,,,
2405,INGENIERO CIVIL,,,3,5335,ADMINISTRACION DE EMPRESA,,,
771,INGENIERO CIVIL,,,3,5335,ADMINISTRACION DE EMPRESAS,,,
2028,INGENIERO CIVIL,,,3,5335,ADMINISTRACION DE EMPRESAS,,,
772,INGENIERO CIVIL,,,3,5335,ADMINISTRACION DE EMPRESAS,,,
829,INGENIERO CIVIL,,,3,5335,ADMINISTRACION DE EMPRESAS,,,
1411,INGENIERO CIVIL,,,3,5335,ADMINISTRACION DE EMPRESAS,,,
2183,INGENIERO ELECTRICISTA,,,3,5335,ADMINISTRACION DE EMPRESAS,,,
1158,INGENIERO EN COMUNICACIONES Y ELECTRONICA,,,3,5335,ADMINISTRACION DE EMPRESAS,,,
240,INGENIERO EN COMUNICACIONES Y ELECTRONICA,,,3,5335,ADMINISTRACION DE EMPRESAS,,,
39,INGENIERO EN DESARROLLO E INOVACION EMPRESARIAL,,,3,5335,ADMINISTRACION DE EMPRESAS,,,
2676,INGENIERO EN DESARROLLO RURAL,,,3,5335,ADMINISTRACION DE EMPRESAS,,,
1443,INGENIERO EN DESARROLLO RURAL,,,3,5335,ADMINISTRACION DE EMPRESAS,,,
707,INGENIERO EN ECOLOGIA,,,3,5335,ADMINISTRACION DE EMPRESAS,,,
989,INGENIERO EN SISTEMAS COMPUTACIONALES,,,3,5335,ADMINISTRACION DE EMPRESAS,,,
1942,INGENIERO GEOLOGO,,,3,5335,ADMINISTRACION DE EMPRESAS,,,
2538,INGENIERO INDUSTRIAL,,,3,5335,ADMINISTRACION DE EMPRESAS,,,
2248,INGENIERO INDUSTRIAL,,,3,5335,ADMINISTRACION DE EMPRESAS,,,
96,INGENIERO MECANICO,,,3,5335,ADMINISTRACION DE EMPRESAS,,,
870,INGENIERO MECANICO,,,3,5335,ADMINISTRACION DE EMPRESAS,,,
1436,INGENIERO MECANICO,,,3,5335,ADMINISTRACION DE EMPRESAS,,,
2834,INGENIERO MECANICO ELECTRICISTA,,,3,5335,ADMINISTRACION DE EMPRESAS,,,
1658,INGENIERO MECANICO ELECTRICO,,,3,5335,ADMINISTRACION DE EMPRESAS,,,
1663,INGENIERO MECANICO ELECTRICO,,,3,5335,ADMINISTRACION DE EMPRESAS TURISTICAS,,,
2134,INGENIERO METALURGUISTA,,,3,5335,ADMINISTRACION DE PEQUE√ëAS Y MEDIANAS EMPRESAS,,,
2847,INGENIERO MINERO METALURGISTA,,,3,5335,ADMINISTRACION DEEMPRESAS TURISTICAS,,,
738,INGENIERO QUIMICO,,,3,5335,ADMINISTRACION SERVICIOS Y OPERACIONES,,,
706,INGENIERO ZOOTECNISTA,,,3,5335,ADMINISTRADOR DE EMPRESAS,,,
1362,INGENIOERIA CIVIL,,,3,5335,ADMINSTRACION DE EMPRESAS,,,
2564,INGERIA MECANICA,,,3,5335,ADMISTRACION DE EMPRESAS,,,
933,INGIENERIA EN ELECTROMECANICA,,,3,5335,CIENCIAS POLITICAS DE ADMINISTRACION PUBLICA,,,
562,INGIENERIA EN SISTEMAS COMPUTACIONALES,,,3,5335,DESARROLLO E INNOVACION EMPRESARIAL,,,
596,INGIENERIA INDUSTRIAL,,,3,5335,EN ADMINISTRACION DE EMPRESAS,,,
2101,INGIENERIA INDUSTRIAL,,,3,5335,Especialidad en direcci√≥n de organizaciones tur√≠st,,,
617,INGIENERIA QUIMICA,,,3,5335,GESTION EMPRESARIAL,,,
188,INNOVACION E INVESGACION EDUCATIVA,,,3,5335,GESTION TURISTICA,,,
2833,INVESTIGACION EDUCATIVA,,,3,5335,GESTION Y DESARROLLO  TURISTICO,,,
1364,LECENCIATURA EN EDUCACION,,,3,5335,GESTION Y DESARROLLO TURISTICO,,,
1047,LENGUA INGLESA,,,3,5335,LIC EN ADMINISTRACION DE EMPRESAS,,,
2075,LENGUAS EXTRANJERAS,,,3,5335,LIC. EN RELACIONES INDURSTRIALES,,,
2539,LENGUISTICA APLICADA,,,3,5335,LICENCIADA EN ADIMISTRACION DE EMPRESAS TURISTICAS,,,
54,LETRAS HISPANICAS,,,3,5335,LICENCIADA EN ADMINISTRACION  EMPRESARIAL,,,
2347,LIC ADMINISTRACION,,,3,5335,LICENCIADA EN ADMINISTRACION DE EMPRESAS,,,
1171,LIC EN ADMINISTRACION,,,3,5335,LICENCIADA EN ADMINISTRACION DE EMPRESAS,,,
1213,LIC EN ADMINISTRACION DE EMPRESAS,,,3,5335,LICENCIADA EN ADMINISTRACION DE EMPRESAS,,,
2334,LIC EN CONTABILIDAD,,,3,5335,LICENCIADA EN ADMINISTRACION DE EMPRESAS,,,
438,LIC EN CONTADOR PUBLICO,,,3,5335,LICENCIADA EN ADMINISTRACION Y GESTION,,,
1625,LIC EN DERECHO,,,3,5335,LICENCIADA EN TURISMO,,,
2409,LIC EN DERECHO,,,3,5335,LICENCIADO EN ADMINISTARCION AGROTECNOLOGICA,,,
2371,LIC EN DERECHO,,,3,5335,LICENCIADO EN ADMINISTRACION DE EMPRESAS,,,
395,LIC EN EDEUCACION PREESCOLAR,,,3,5335,LICENCIADO EN ADMINISTRACION DE EMPRESAS,,,
79,LIC EN ENFERMERIA,,,3,5335,LICENCIADO EN ADMINISTRACION DE EMPRESAS,,,
2364,LIC EN NUTRICION,,,3,5335,LICENCIADO EN ADMINISTRACION DE EMPRESAS,,,
2389,"LIC, EN PEDAGOGIA",,,3,5335,LICENCIADO EN ADMINISTRACION DE EMPRESAS,,,
1167,LIC. EN CANTO GREGORIANO,,,3,5335,LICENCIADO EN ADMINISTRACION DE EMPRESAS,,,
2501,LIC. EN ECONOMIA,,,3,5335,LICENCIADO EN ADMINISTRACION DE EMPRESAS,,,
1141,LIC. EN MERCADOTECNIA,,,3,5335,LICENCIADO EN ADMINISTRACION DE EMPRESAS,,,
1890,LIC. EN NEGOCIOS INTERNACIONALES,,,3,5335,LICENCIADO EN ADMINISTRACION DE EMPRESAS,,,
433,LIC. EN RELACIONES INDURSTRIALES,,,3,5335,LICENCIADO EN ADMINISTRACION DE EMPRESAS,,,
429,LIC. EN TEOLOGIA CON  ENFASIS EN IDIOMAS,,,3,5335,LICENCIARURA EN ADMINISTRACION,,,
541,LIC. EN TRABAJO SOCIAL,,,3,5335,LICENCIATURA EN ADMINISTRACION DE EMPRESAS,,,
363,LIC.EN EDUACION PREESCOLAR,,,3,5335,LICENCIATURA EN ADMINISTRACION DE EMPRESAS,,,
2574,LICENCATURA EN DERECHO,,,3,5335,LICENCIATURA EN ADMINISTRACION DE EMPRESAS,,,
656,LICENCIADA EN ADIMISTRACION DE EMPRESAS TURISTICAS,,,3,5335,LICENCIATURA EN ADMINISTRACION DE EMPRESAS.,,,
2419,LICENCIADA EN ADMINISTRACION,,,3,5335,LICENCIATURA EN ADMINISTRACION PUBLICA,,,
2720,LICENCIADA EN ADMINISTRACION,,,3,5335,LICENCIATURA EN ADMINISTRACION TURISTICA,,,
1698,LICENCIADA EN ADMINISTRACION  EMPRESARIAL,,,3,5335,LICENCIATURA EN ADMINISTRACION Y EMPRESAS,,,
2062,LICENCIADA EN ADMINISTRACION DE EMPRESAS,,,3,5335,LICENCIATURA EN ADMINISTRACI√ìN DE EMPRESAS,,,
689,LICENCIADA EN ADMINISTRACION DE EMPRESAS,,,3,5335,LICENCIATURA EN ADMINISTRADOR DE EMPRESAS,,,
1206,LICENCIADA EN ADMINISTRACION DE EMPRESAS,,,3,5335,LICENCIATURA EN ADMON DE EMPRESAS,,,
2116,LICENCIADA EN ADMINISTRACION DE EMPRESAS,,,3,5335,LICENCIATURA EN CIENCIAS POLITICAS Y ADMINISTRACIO,,,
2136,LICENCIADA EN ADMINISTRACION Y GESTION,,,3,5335,LICENCIATURA EN GESTION Y DESARROLLO TURISTICO,,,
790,LICENCIADA EN BIOLOGIA,,,3,5335,LICENIATURA EN ADMINISTRAION DE EMPRESAS,,,
2055,LICENCIADA EN CIENCIAS DE LA EDUCACION,,,3,5335,LICIENTURA EN TURISMO,,,
2448,LICENCIADA EN CONTADURIA,,,3,5335,RECURSOS HUMANOS,,,
1603,LICENCIADA EN DERECHO,,,3,5335,RELACIONES INDUSTRIALES,,,
97,LICENCIADA EN DERECHO,,,3,5335,TURISMO,,,
1566,LICENCIADA EN DERECHO,,,3,5335,TURISMO,,,
2633,LICENCIADA EN DISE√ëO DE MODAS,,,3,5335,TURISMO ALTERNATIVO,,,
1749,LICENCIADA EN EDUCACION,,,3,5335,TURISMO ALTERNATIVO,,,
221,LICENCIADA EN EDUCACION,,,3,5335,TURISMO Y HOTELERIA,,,
1609,LICENCIADA EN EDUCACION,,,4,5335,EN GESTION DE SERVICIOS GASTRONOMICOS,,,
529,LICENCIADA EN EDUCACION ESP√âCIAL,,,5,5335,GASTRONOMIA,,,
205,LICENCIADA EN EDUCACION INICIAL,,,5,5335,GASTRONOMIA,,,
204,LICENCIADA EN EDUCACION PRIMARIA,,,5,5335,GASTRONOMIA,,,
207,LICENCIADA EN EDUCACION PRIMARIA,,,5,5335,GASTRONOMIA,,,
1588,LICENCIADA EN EDUCACION PRIMARIA,,,5,5335,GASTRONOMIA,,,
774,LICENCIADA EN EMFERMERIA,,,5,5335,GASTRONOMIA,,,
1425,LICENCIADA EN ENFERMERIA,,,5,5335,GASTRONOMIA,,,
2791,LICENCIADA EN ENFERMERIA,,,5,5335,LICENCIATURA EN GASTRONOMIA,,,
1799,LICENCIADA EN FISIOTERAPIA,,,5,5335,LICENCIATURA EN GASTRONOMIA,,,
1943,LICENCIADA EN FISIOTERAPIA,,,5,5335,LICENCIATURA EN GASTRONOMIA,,,
2719,LICENCIADA EN MERCADOTECNIA,,,5,5335,LICENCIATURA EN GASTRONOMIA,,,
186,LICENCIADA EN NUTRICCION,,,3,5341,ABOGADA,,,
1589,LICENCIADA EN PSICOLOGIA,,,3,5341,ABOGADA,,,
2300,LICENCIADA EN PSICOLOGIA,,,3,5341,ABOGADA,,,
2731,LICENCIADA EN TRABAJO SOCIAL,,,3,5341,ABOGADO,,,
972,LICENCIADA EN TRABAJO SOCIAL,,,3,5341,ABOGADO EN DERECHO PENAL,,,
2438,LICENCIADA EN TURISMO,,,3,5341,CONSULTORIO JURIDICO,,,
679,LICENCIADO EN ADMINISTARCION AGROTECNOLOGICA,,,3,5341,DERECHO,,,
1552,LICENCIADO EN ADMINISTRACION DE EMPRESAS,,,3,5341,DERECHO,,,
455,LICENCIADO EN ADMINISTRACION DE EMPRESAS,,,3,5341,DERECHO,,,
658,LICENCIADO EN ADMINISTRACION DE EMPRESAS,,,3,5341,DERECHO,,,
2671,LICENCIADO EN ADMINISTRACION DE EMPRESAS,,,3,5341,DERECHO,,,
1832,LICENCIADO EN ADMINISTRACION DE EMPRESAS,,,3,5341,DERECHO,,,
1531,LICENCIADO EN ADMINISTRACION DE EMPRESAS,,,3,5341,DERECHO,,,
444,LICENCIADO EN ADMINISTRACION DE EMPRESAS,,,3,5341,DERECHO,,,
2718,LICENCIADO EN ADMINISTRACION DE EMPRESAS,,,3,5341,DERECHO,,,
2710,LICENCIADO EN ADMINISTRACION DE EMPRESAS,,,3,5341,DERECHO,,,
424,LICENCIADO EN ADMINISTRACION DE EMPRESAS,,,3,5341,DERECHO,,,
2468,LICENCIADO EN BIOLOGIA,,,3,5341,DERECHO,,,
507,LICENCIADO EN CIENCIAS DE LA COMUNICACION,,,3,5341,DERECHO,,,
1697,LICENCIADO EN CIENCIAS JURIDICAS,,,3,5341,DERECHO Y CIENCIAS JURIDICAS,,,
2477,LICENCIADO EN COMERCIO EXTERIOR,,,3,5341,LIC EN DERECHO,,,
208,LICENCIADO EN CONTADURIA,,,3,5341,LIC EN DERECHO,,,
1774,LICENCIADO EN CONTADURIA,,,3,5341,LIC EN DERECHO,,,
992,LICENCIADO EN CONTADURIA,,,3,5341,LICENCATURA EN DERECHO,,,
2799,LICENCIADO EN CONTADURIA,,,3,5341,LICENCIADA EN DERECHO,,,
2222,LICENCIADO EN CONTADURIA PUBLICA,,,3,5341,LICENCIADA EN DERECHO,,,
426,LICENCIADO EN DERECHO,,,3,5341,LICENCIADA EN DERECHO,,,
2315,LICENCIADO EN DERECHO,,,3,5341,LICENCIADO EN CIENCIAS JURIDICAS,,,
2814,LICENCIADO EN DERECHO,,,3,5341,LICENCIADO EN DERECHO,,,
673,LICENCIADO EN DERECHO,,,3,5341,LICENCIADO EN DERECHO,,,
2110,LICENCIADO EN DERECHO,,,3,5341,LICENCIADO EN DERECHO,,,
2496,LICENCIADO EN DERECHO,,,3,5341,LICENCIADO EN DERECHO,,,
2806,LICENCIADO EN DERECHO,,,3,5341,LICENCIADO EN DERECHO,,,
1536,LICENCIADO EN DERECHO,,,3,5341,LICENCIADO EN DERECHO,,,
780,LICENCIADO EN DERECHO,,,3,5341,LICENCIADO EN DERECHO,,,
481,LICENCIADO EN DISE√ëO,,,3,5341,LICENCIADO EN DERECHO,,,
1366,LICENCIADO EN DISE√ëO,,,3,5341,LICENCIATURA  EN DERECHO,,,
670,LICENCIADO EN DISE√ëO GRAFICO,,,3,5341,LICENCIATURA EN DERECHO,,,
2271,LICENCIADO EN ECONOMIA,,,3,5341,LICENCIATURA EN DERECHO,,,
2019,LICENCIADO EN EDUCACION FISICA,,,3,5341,LICENCIATURA EN DERECHO,,,
1551,LICENCIADO EN EDUCACION PRIMARIA,,,3,5341,LICENCIATURA EN DERECHO,,,
257,LICENCIADO EN EDUCACION PRIMARIA,,,3,5341,LICENCIATURA EN DERECHO,,,
1574,LICENCIADO EN EDUCACION PRIMARIA,,,3,5341,LICENCIATURA EN DERECHO,,,
1563,LICENCIADO EN ENFERMERIA,,,3,5341,LICENCIATURA EN DERECHO,,,
2458,LICENCIADO EN MERCADOTECNIA,,,3,5341,LICENCIATURA EN DERECHO,,,
151,LICENCIADO EN MERCADOTECNIA,,,3,5341,LICENCIATURA EN DERECHO,,,
213,LICENCIARURA EN ADMINISTRACION,,,3,5341,LICENCIATURA EN DERECHO,,,
2354,LICENCIARURA EN INGLES,,,3,5341,LICENCIATURA EN DERECHO,,,
715,LICENCIATURA  EN DERECHO,,,3,5341,LICENCIATURA EN DERECHO,,,
1909,LICENCIATURA ADMINISTRATIVA,,,3,5341,LICENCIATURA EN DERECHO,,,
1748,LICENCIATURA DE ARQUITECTURA,,,3,5341,LICENCIATURA EN DERECHO,,,
2082,LICENCIATURA DE PFISIOTERAPIA,,,3,5341,LICENCIATURA EN DERECHO,,,
2461,LICENCIATURA EN ADMINISTRACION,,,3,5341,LICENCIATURA EN DERECHO,,,
1570,LICENCIATURA EN ADMINISTRACION,,,3,5341,LICENCIATURA EN DERECHO,,,
565,LICENCIATURA EN ADMINISTRACION,,,3,5341,LICENCIATURA EN DERECHO,,,
1514,LICENCIATURA EN ADMINISTRACION,,,3,5341,LICENCIATURA EN DERECHO,,,
1496,LICENCIATURA EN ADMINISTRACION,,,3,5341,LICENCIATURA EN DERECHO,,,
1766,LICENCIATURA EN ADMINISTRACION,,,3,5341,LICENCIATURA EN DERECHO,,,
2790,LICENCIATURA EN ADMINISTRACION,,,3,5341,LICENCIATURA EN DERECHO,,,
811,LICENCIATURA EN ADMINISTRACION,,,3,5341,LICENCIATURA EN DERECHO,,,
816,LICENCIATURA EN ADMINISTRACION,,,3,5341,LICENCIOADA EN DERECHO,,,
292,LICENCIATURA EN ADMINISTRACION,,,3,5342,CRIMINOLOGIA,,,
520,LICENCIATURA EN ADMINISTRACION DE EMPRESAS,,,3,5342,"CRIMINOLOGIA, CRIMINALISTICA",,,
389,LICENCIATURA EN ADMINISTRACION DE EMPRESAS,,,2,5411,BIOLOGIA,,,
2186,LICENCIATURA EN ADMINISTRACION DE EMPRESAS,,,2,5411,BIOLOGIA,,,
2358,LICENCIATURA EN ADMINISTRACION DE EMPRESAS.,,,2,5411,BIOLOGIA MARINA,,,
1783,LICENCIATURA EN ADMINISTRACION PUBLICA,,,2,5411,LICENCIADA EN BIOLOGIA,,,
1776,LICENCIATURA EN ADMINISTRACION TURISTICA,,,2,5411,LICENCIADO EN BIOLOGIA,,,
342,LICENCIATURA EN ADMINISTRACION Y EMPRESAS,,,2,5411,QUIMICO FARMACOBIOLOGIA,,,
1493,LICENCIATURA EN ADMINISTRACI√ìN,,,2,5411,QUIMICO FARMACOBIOLOGO,,,
1170,LICENCIATURA EN ADMINISTRACI√ìN DE EMPRESAS,,,2,5411,QUIMICO FARMACOBIOLOGO,,,
900,LICENCIATURA EN ADMINISTRADOR DE EMPRESAS,,,1,5412,INGENIERO EN ECOLOGIA,,,
2635,LICENCIATURA EN ADMON DE EMPRESAS,,,2,5412,LICENCIATURA EN CIENCIAS AMBIENTALES,,,
1777,LICENCIATURA EN ARQUITECTURA,,,2,5422,QUIMICA,,,
1313,LICENCIATURA EN ARTES PLASTICAS,,,2,5423,LICENCIATURA EN GEOGRAFIA,,,
1615,LICENCIATURA EN BANCA Y FINANZAS,,,1,5431,LICENCIATURA EN MATEMATICAS,,,
2780,LICENCIATURA EN CIENCIAS AMBIENTALES,,,1,5432,ACTUARIA,,,
1500,LICENCIATURA EN CIENCIAS APLICADAS AL DEPORTE,,,1,5441,INFORMATICA,,,
554,LICENCIATURA EN CIENCIAS POLITICAS Y ADMINISTRACIO,,,1,5441,INFORMATICA,,,
2144,LICENCIATURA EN CIENCIAS SOCIALES,,,1,5441,INFORMATICA,,,
219,LICENCIATURA EN COMERCIO EXTERIOR,,,1,5441,INFORMATICA ADMINISTRATIVA,,,
1576,LICENCIATURA EN COMERCIO INTERNACIONAL,,,1,5441,INGENIERIA EN INFORMATICA,,,
1710,LICENCIATURA EN COMPUTACION,,,1,5441,INGENIERIA EN INFORMATICA Y SISTEMAS COMPUTACIONAL,,,
1593,LICENCIATURA EN CONTABILIDAD,,,1,5441,INGENIERIA EN SOFTWARE,,,
209,LICENCIATURA EN CONTADURIA,,,1,5441,INGENIERIA EN TECNOLOGIA DE SOFTWARE,,,
1782,LICENCIATURA EN CONTADURIA,,,1,5441,LICENCIATURA EN INFORMATICA,,,
2135,LICENCIATURA EN CONTADURIA,,,1,5441,LICENCIATURA EN INFORMATICA,,,
2838,LICENCIATURA EN CONTADURIA,,,1,5441,LICENCIATURA EN INFORMATICA,,,
2845,LICENCIATURA EN CONTADURIA,,,1,5441,LICENCIATURA EN INFORMATICA,,,
2610,LICENCIATURA EN CONTADURIA PUBLICA,,,1,5441,LICENCIATURA EN SISTEMAS COMPUTACIONALES,,,
1172,LICENCIATURA EN CONTADUR√çA PUBLICA,,,1,5441,R√çA EN COMPUTACI√ìN,,,
1959,LICENCIATURA EN DANSA CONTEMPORANEA,,,1,5441,SISTEMAS COMPUTACIONALES ADMINISTRATIVOS,,,
1017,LICENCIATURA EN DERECHO,,,1,5441,SISTEMAS DE INFORMACION,,,
1775,LICENCIATURA EN DERECHO,,,3,5441,ADMINISTRACION EN SISTEMAS COMPUTACIONALES,,,
1901,LICENCIATURA EN DERECHO,,,3,5441,LICENCIATURA EN COMPUTACION,,,
2109,LICENCIATURA EN DERECHO,,,3,5441,LICENCIATURA EN NFORMATICA ADMINISTRATIVA,,,
1779,LICENCIATURA EN DERECHO,,,3,5441,LICENCIATURA ENE INFORMATICA,,,
2218,LICENCIATURA EN DERECHO,,,1,5510,IJNGENERIA INDUSTRIAL,,,
2120,LICENCIATURA EN DERECHO,,,1,5510,ING. INDISTRIAL,,,
1903,LICENCIATURA EN DERECHO,,,1,5510,INGENIERIA,,,
1489,LICENCIATURA EN DERECHO,,,1,5510,INGENIERIA INDUSTRIAL,,,
1231,LICENCIATURA EN DERECHO,,,1,5510,INGENIERIA INDUSTRIAL,,,
1499,LICENCIATURA EN DERECHO,,,1,5510,INGENIERIA INDUSTRIAL,,,
1232,LICENCIATURA EN DERECHO,,,1,5510,INGENIERIA INDUSTRIAL,,,
2567,LICENCIATURA EN DERECHO,,,1,5510,INGENIERIA INDUSTRIAL,,,
88,LICENCIATURA EN DERECHO,,,1,5510,INGENIERIA INDUSTRIAL,,,
1003,LICENCIATURA EN DERECHO,,,1,5510,INGENIERIA INDUSTRIAL,,,
2684,LICENCIATURA EN DERECHO,,,1,5510,INGENIERIA INDUSTRIAL,,,
812,LICENCIATURA EN DERECHO,,,1,5510,INGENIERIA INDUSTRIAL,,,
2193,LICENCIATURA EN DERECHO,,,1,5510,INGENIERIA INDUSTRIAL,,,
1528,LICENCIATURA EN DERECHO,,,1,5510,INGENIERIA INDUSTRIAL,,,
1734,LICENCIATURA EN DERECHO,,,1,5510,INGENIERIA INDUSTRIAL,,,
542,LICENCIATURA EN DERECHO,,,1,5510,INGENIERIA INDUSTRIAL,,,
1726,LICENCIATURA EN DERECHO,,,1,5510,INGENIERIA INDUSTRIAL,,,
2149,LICENCIATURA EN DERECHO,,,1,5510,INGENIERIA INDUSTRIAL,,,
1422,LICENCIATURA EN DERECHO,,,1,5510,INGENIERIA INDUSTRIAL,,,
2298,LICENCIATURA EN DISE√ëO GRAFICO,,,1,5510,INGENIERO,,,
1881,LICENCIATURA EN DISE√ëO GR√ÅFICO,,,1,5510,INGENIERO,,,
1168,LICENCIATURA EN DISE√ëO PARA LA COMUNICACION GRAFIC,,,1,5510,INGENIERO INDUSTRIAL,,,
2064,LICENCIATURA EN ECONOMIA,,,1,5510,INGENIERO INDUSTRIAL,,,
1594,LICENCIATURA EN ECONOMIA,,,1,5510,INGIENERIA INDUSTRIAL,,,
1281,LICENCIATURA EN ECONOMIA,,,1,5510,INGIENERIA INDUSTRIAL,,,
2362,LICENCIATURA EN ECONOMIA,,,1,5511,INGENERIA EN MANTENIMIENTO INDUSTRIAL,,,
981,LICENCIATURA EN EDUCACION,,,1,5511,INGENIERIA EN MANTENIMIENTO  INDUSTRIAL,,,
2765,LICENCIATURA EN EDUCACION,,,1,5511,INGENIERIA EN MANTENIMIENTO INDUSTRIAL,,,
1843,LICENCIATURA EN EDUCACION,,,1,5511,INGENIERIA EN MECATRONICA,,,
665,LICENCIATURA EN EDUCACION,,,1,5511,INGENIERIA EN MECATRONICA,,,
2836,LICENCIATURA EN EDUCACION BASICA,,,1,5511,INGENIERIA MECANICA,,,
566,LICENCIATURA EN EDUCACION FISICA,,,1,5511,INGENIERIA MECANICA,,,
2452,LICENCIATURA EN EDUCACION PEESCOLAR,,,1,5511,INGENIERIA MECANICA ELECTRICA,,,
1910,LICENCIATURA EN EDUCACION PREESCOLAR,,,1,5511,INGENIERIA MECANICA INDUSTRIAL,,,
325,LICENCIATURA EN EDUCACION PREESCOLAR,,,1,5511,INGENIERO MECANICO,,,
42,LICENCIATURA EN EDUCACION PREESCOLAR,,,1,5511,INGENIERO MECANICO,,,
743,LICENCIATURA EN EDUCACION PREESCOLAR,,,1,5511,INGENIERO MECANICO,,,
1309,LICENCIATURA EN EDUCACION PRIMARIA,,,1,5511,INGENIERO MECANICO ELECTRICISTA,,,
999,LICENCIATURA EN EDUCACION PRIMARIA,,,1,5511,INGENIERO MECANICO ELECTRICO,,,
2840,LICENCIATURA EN EDUCACION PRIMARIA,,,1,5511,INGENIERO MECANICO ELECTRICO,,,
1947,LICENCIATURA EN EDUCACION PRIMARIA,,,1,5511,INGENIERO METALURGUISTA,,,
2265,LICENCIATURA EN EDUCACION SUPERIOR,,,1,5511,INGERIA MECANICA,,,
2526,LICENCIATURA EN EDUCAION,,,1,5511,MECATRONICA,,,
1542,LICENCIATURA EN ENEFERMERIA Y OBSTETRICIA,,,1,5511,MECATRONICA,,,
494,LICENCIATURA EN ENFERMERIA,,,1,5511,NGENIERIA MECATRONICA,,,
2356,LICENCIATURA EN ENFERMERIA,,,1,5512,ELETROMECANICA,,,
1613,LICENCIATURA EN ENFERMERIA,,,1,5512,INEGENIERIA INDUSTRIAL ELECTRICA,,,
987,LICENCIATURA EN ENFERMERIA,,,1,5512,INGENERIA ELECTRO MECANICA,,,
134,LICENCIATURA EN ENFERMERIA,,,1,5512,INGENIERIA EN ENERGIA,,,
2233,LICENCIATURA EN ENFERMERIA,,,1,5512,INGENIERIA EN SISTEMAS ENERGETICOS,,,
973,LICENCIATURA EN ENFERMERIA,,,1,5512,INGENIERO ELECTRICISTA,,,
1862,LICENCIATURA EN ENFERMERIA,,,1,5512,INGIENERIA EN ELECTROMECANICA,,,
2789,LICENCIATURA EN ENFERMERIA,,,2,5512,ENERGIA RENOVABLES,,,
2180,LICENCIATURA EN ENFERMERIA,,,1,5513,INGENIERIA ELECTRONICA,,,
1107,LICENCIATURA EN ESPA√ëOL,,,1,5513,INGENIERIA ELECTRONICA,,,
2240,LICENCIATURA EN FICIOTERAPIA Y REAVILITACION FISIC,,,1,5513,INGENIERIA EN ELECTRONICA,,,
1927,LICENCIATURA EN FINANZAS Y BANCA,,,1,5513,INGENIERIA EN ROBOTICA,,,
705,LICENCIATURA EN FISIO TERAPIA,,,1,5513,INGENIERIA INDUSTRIAL EN ELECTRONICA,,,
2788,LICENCIATURA EN GASTRONOMIA,,,1,5513,SISTEMAS DIGITALES Y ROBOTICA,,,
1486,LICENCIATURA EN GASTRONOMIA,,,1,5514,INGENIERIA BIOQUIMICA,,,
2421,LICENCIATURA EN GASTRONOMIA,,,1,5514,INGENIERIA QUIMICA,,,
2783,LICENCIATURA EN GASTRONOMIA,,,1,5514,INGENIERIA QUIMICA,,,
1317,LICENCIATURA EN GEOGRAFIA,,,1,5514,INGENIERIA QUIMICA,,,
1979,LICENCIATURA EN GESTION Y DESARROLLO TURISTICO,,,1,5514,INGENIERIA QUIMICA,,,
252,LICENCIATURA EN HISTORIA,,,1,5514,INGENIERO QUIMICO,,,
1452,LICENCIATURA EN INFORMATICA,,,1,5514,INGIENERIA QUIMICA,,,
2846,LICENCIATURA EN INFORMATICA,,,2,5514,QUIMICO INDUSTRIAL,,,
2704,LICENCIATURA EN INFORMATICA,,,1,5515,INGENIERIA MECANICA DE AVIACION,,,
2172,LICENCIATURA EN INFORMATICA,,,1,5515,PILOTO AVIADOR,,,
2269,LICENCIATURA EN INTERVENCION EDUCATICA,,,1,5515,TECNICO EN AVIACION,,,
651,LICENCIATURA EN MATEMATICAS,,,1,5516,INGENERIA AMBIENTAL,,,
569,LICENCIATURA EN MEDICINA HUMANA,,,1,5516,INGENIERIA AMBIENTAL,,,
324,LICENCIATURA EN MEDICO CIRUJANO,,,1,5517,ELECTRONICA Y COMUNICASIONES,,,
1957,LICENCIATURA EN MERCADOTECNIA,,,1,5517,ING. INDUSTRIAL Y SISTEMAS,,,
316,LICENCIATURA EN MERCADOTECNIA,,,1,5517,INGENERIA EN TECNOLOGIA COMPUTACIONAL,,,
359,LICENCIATURA EN MERCADOTECNIA,,,1,5517,INGENIERI EN DESARROLLO COMPUTACIONAL,,,
1564,LICENCIATURA EN MERCADOTECNIA,,,1,5517,INGENIERIA EN COMPUTACION,,,
950,LICENCIATURA EN MERCADOTECNIA Y PUBLICIDAD,,,1,5517,INGENIERIA EN COMUNICACIONES Y ELECTRONICA,,,
2167,LICENCIATURA EN NCONTABILIDAD,,,1,5517,"INGENIERIA EN SISTE,AS COMPUTACIONALES",,,
2517,LICENCIATURA EN NFORMATICA ADMINISTRATIVA,,,1,5517,INGENIERIA EN SISTEMA,,,
2717,LICENCIATURA EN NUTRICION,,,1,5517,INGENIERIA EN SISTEMAS,,,
1995,LICENCIATURA EN NUTRICION Y GASTRONOMIA,,,1,5517,INGENIERIA EN SISTEMAS,,,
755,LICENCIATURA EN ODONTOLOG√çA,,,1,5517,INGENIERIA EN SISTEMAS COM PUTACIONALES,,,
1480,LICENCIATURA EN PEDAGOGIA,,,1,5517,INGENIERIA EN SISTEMAS COMPUTACINALES,,,
1245,LICENCIATURA EN PEDAGOG√çA,,,1,5517,INGENIERIA EN SISTEMAS COMPUTACIONALES,,,
1367,LICENCIATURA EN PREESCOLAR,,,1,5517,INGENIERIA EN SISTEMAS COMPUTACIONALES,,,
2766,LICENCIATURA EN PSICOLOGIA,,,1,5517,INGENIERIA EN SISTEMAS COMPUTACIONALES,,,
2782,LICENCIATURA EN PSICOLOGIA,,,1,5517,INGENIERIA EN SISTEMAS COMPUTACIONALES,,,
2187,LICENCIATURA EN PSICOLOGIA,,,1,5517,INGENIERIA EN SISTEMAS COMPUTACIONALES,,,
2694,LICENCIATURA EN PSICOLOGIA,,,1,5517,INGENIERIA EN SISTEMAS COPUTACIONALES,,,
2060,LICENCIATURA EN PSICOLOGIA,,,1,5517,INGENIERIA EN SISTEMAS DE COMPUTACION ELECTRONICA,,,
2256,LICENCIATURA EN RELACIONES COMERCIALES,,,1,5517,INGENIERIA EN SISTEMAS Y TECNOLOGIAS INDUSTRIALES,,,
573,LICENCIATURA EN SISTEMAS COMPUTACIONALES,,,1,5517,INGENIERIA EN TECNOLOGIAS DE INFORMACION Y COMUNIC,,,
2299,LICENCIATURA EN TERAPIA FISICA,,,1,5517,INGENIERIRIA EN SISTEMA,,,
2758,LICENCIATURA EN TRABAJO SOCIAL,,,1,5517,INGENIERO EN COMUNICACIONES Y ELECTRONICA,,,
2563,LICENCIATURA ENE INFORMATICA,,,1,5517,INGENIERO EN COMUNICACIONES Y ELECTRONICA,,,
2395,LICENCIATURA SIN NOMBRE,,,1,5517,INGENIERO EN SISTEMAS COMPUTACIONALES,,,
144,LICENCIDO EN DERECHO,,,1,5517,INGIENERIA EN SISTEMAS COMPUTACIONALES,,,
2632,LICENCIOADA EN DERECHO,,,1,5517,LINCECIATURA EN SISTEMAS COMPUTACIONALES,,,
2406,LICENIATURA EN ADMINISTRAION DE EMPRESAS,,,1,5517,SISTEMA COMPUTACIONALES,,,
403,LICIENCIATURA EN ENFERMERIA,,,1,5517,SISTEMAS COMPUTACIONALES,,,
2437,LICIENTATURA N ENFERMERIA,,,2,5517,COMNICACIONES  Y ELECTRONICA,,,
165,LICIENTURA EN TURISMO,,,3,5517,COMUNICACIONES,,,
2396,LIDERAZGO EN ADMINISTRACION ACADEMICA,,,1,5520,INGENIERIA EN PROCESOS INDUSTRIALES,,,
2793,LINCECIATURA EN SISTEMAS COMPUTACIONALES,,,1,5520,INGENIERIA INDUSTRIAL EN PRODUCCION,,,
1052,LINGUISTICA,,,1,5520,INGENIERIA INDUSTRIAL ESPECIALIDAD EN PRODUCTIVIDA,,,
1318,MAESTRA,,,1,5521,INGENIERIA EN ALIMENTOS,,,
1103,MAESTRA DE EDUCACION PRIMARIA,,,1,5522,INGENIERIA TEXTIL,,,
838,MAESTRA DE EDUCACION PRIMARIA,,,1,5524,IMNGENIERO MINERO,,,
2804,MAESTRA DE NIVEL SECUNDARIA,,,1,5524,INGENIERO GEOLOGO,,,
21,MAESTRA DE PRIMARIA,,,1,5524,INGENIERO MINERO METALURGISTA,,,
782,MAESTRA DE PRIMARIA,,,1,5531,ARQUITECTO,,,
295,MAESTRA DE PRIMARIA,,,1,5531,ARQUITECTO,,,
477,MAESTRAIA EN DERECHO ECONOMICO,,,1,5531,ARQUITECTURA,,,
1700,MAESTRIA EN ADMINISTRACION,,,1,5531,ARQUITECTURA,,,
2779,MAESTRIA EN ADMINISTRACION,,,1,5531,ARQUITECTURA,,,
616,MAESTRIA EN ADMINISTRACION DE EMPRESAS,,,1,5531,ARQUITECTURA,,,
2297,MAESTRIA EN ADMINISTRACION DE NEGOCIOS,,,1,5531,ARQUITECTURA,,,
553,MAESTRIA EN ADMINISTRACION PUBLICA,,,1,5531,ARQUITECTURA,,,
1568,MAESTRIA EN ADMINISTRACION Y NEGOCIOS,,,1,5531,ARQUITECTURA,,,
249,MAESTRIA EN BIBLIOTECOLOGIA,,,1,5531,ARQUITECTURA,,,
2331,MAESTRIA EN CICOTERAPIA INFANTIL,,,1,5531,ARQUITECTURA,,,
2820,MAESTRIA EN CIENCIA JURIDICO PENAL,,,1,5531,ARQUITECTURA,,,
1470,MAESTRIA EN CIENCIAS COGNITIVAS,,,1,5531,ARQUITECTURA,,,
1798,MAESTRIA EN CIENCIAS DE LA EDUCACION,,,1,5531,ARQUITECTURA,,,
177,MAESTRIA EN CIENCIAS QUIMICAS,,,1,5531,ARQUITECTURA,,,
2787,MAESTRIA EN COMUNICACIONES,,,1,5531,ARQUITECTURA,,,
586,MAESTRIA EN DERECHO,,,1,5531,ARQUITECTYRA,,,
1162,MAESTRIA EN DISE√ëO INDUSTRIAL,,,1,5531,LICENCIATURA EN ARQUITECTURA,,,
2761,MAESTRIA EN EDUCACION,,,3,5531,LICENCIATURA DE ARQUITECTURA,,,
2059,MAESTRIA EN EDUCACION,,,1,5532,INGENERIA CIVIL,,,
663,MAESTRIA EN EDUCACION,,,1,5532,INGENERIA CIVIL,,,
2295,MAESTRIA EN EDUCACION,,,1,5532,INGENIERI CIVIL,,,
1770,MAESTRIA EN EDUCACION,,,1,5532,INGENIERIA CIVIL,,,
652,MAESTRIA EN EDUCACION BASICA,,,1,5532,INGENIERIA CIVIL,,,
1412,MAESTRIA EN HISTORIA REGIONAL,,,1,5532,INGENIERIA CIVIL,,,
2693,MAESTRIA EN INGENIERIA INDUSTRIAL,,,1,5532,INGENIERIA CIVIL,,,
2816,MAESTRIA EN INTERVENCION EN PAREJA Y FAMILIA,,,1,5532,INGENIERIA CIVIL,,,
2696,MAESTRIA EN MERCADOTECNIA,,,1,5532,INGENIERIA CIVIL,,,
248,MAESTRIA EN NEGOCIOS,,,1,5532,INGENIERIA CIVIL,,,
1548,MAESTRIA EN PEDADOGIA,,,1,5532,INGENIERIA CIVIL,,,
558,MAESTRIA EN PSICOPEDAGOGIA,,,1,5532,INGENIERIA CIVIL,,,
2827,MAESTRIA EN SICOTERAPIA,,,1,5532,INGENIERO CIVIL,,,
282,MAESTRIA EN VENTAS,,,1,5532,INGENIERO CIVIL,,,
1473,MAESTRIAN EN ADIMINISTRACION,,,1,5532,INGENIERO CIVIL,,,
2712,MAESTRO DE PRIMARIA,,,1,5532,INGENIERO CIVIL,,,
2722,MAESTRO EN EDUCACION PRIMARIA,,,1,5532,INGENIERO CIVIL,,,
262,MAESTRO EN EDUCACION PRIMARIA,,,1,5532,INGENIERO CIVIL,,,
2709,MANTENIMIENTO DE COMPUTADORAS,,,1,5532,INGENIERO CIVIL,,,
2728,MANTENIMIENTO INDUSTRIAL,,,1,5532,INGENIOERIA CIVIL,,,
1994,MARKETING Y PUBLICIDAD,,,1,5611,INGENIERO AGRONOMO,,,
304,MASTER EN COMPUTACION,,,1,5611,INGENIERO AGRONOMO,,,
2160,MATEMATICAS AVANSADAS,,,1,5611,INGENIERO AGRONOMO,,,
203,MECANICA AUTOMOTRIZ,,,1,5611,INGENIERO AGRONOMO,,,
1102,MECATRONICA,,,1,5611,INGENIERO ZOOTECNISTA,,,
1626,MECATRONICA,,,2,5611,AGRONOMIA,,,
2176,MEDICINA,,,2,5611,AGRONOMIA,,,
337,MEDICINA,,,2,5611,AGRONOMIA,,,
1059,MEDICINA,,,1,5613,INGENIERIA EN RESTAURACION FORESTAL,,,
574,MEDICINA,,,1,5614,INGENIERIA PESQUERA,,,
1349,MEDICINA,,,2,5621,MEDICINA VETERINARIA,,,
1149,MEDICINA  FAMILIAR,,,2,5621,MEDICINA VETERINARIA DE ZOOTECNIA,,,
145,MEDICINA FAMILIAR,,,2,5621,MEDICINA VETERINARIA Y ZOOTECNIA,,,
2801,MEDICINA FAMILIAR,,,2,5621,MEDICO VETERINARIO,,,
1623,MEDICINA GENERAL,,,2,5621,MEDICO VETERINARIO ZOOTECNISTA,,,
428,MEDICINA GENERAL,,,2,5621,MEDICO VETERINARIO ZOOTECNISTA,,,
431,MEDICINA VETERINARIA,,,2,5621,VETERINARIA,,,
2770,MEDICINA VETERINARIA DE ZOOTECNIA,,,2,5711,DOCTORA,,,
2210,MEDICINA VETERINARIA Y ZOOTECNIA,,,2,5711,LICENCIATURA EN MEDICINA HUMANA,,,
1475,MEDICO,,,2,5711,LICENCIATURA EN MEDICO CIRUJANO,,,
2457,MEDICO CIRUJANO,,,2,5711,MEDICINA,,,
2397,MEDICO CIRUJANO,,,2,5711,MEDICINA,,,
960,MEDICO CIRUJANO,,,2,5711,MEDICINA,,,
2849,MEDICO CIRUJANO DENTISTA,,,2,5711,MEDICINA,,,
2762,MEDICO CIRUJANO DENTISTA,,,2,5711,MEDICINA,,,
551,MEDICO CIRUJANO GENERAL,,,2,5711,MEDICINA GENERAL,,,
1541,MEDICO CIRUJANO PARTERO,,,2,5711,MEDICINA GENERAL,,,
1656,MEDICO CIRUJANO Y PARTERO,,,2,5711,MEDICO,,,
1084,MEDICO GENERAL,,,2,5711,MEDICO CIRUJANO,,,
1773,MEDICO QUIRURGUICO,,,2,5711,MEDICO CIRUJANO,,,
1624,MEDICO VETERINARIO,,,2,5711,MEDICO CIRUJANO,,,
2598,MEDICO VETERINARIO ZOOTECNISTA,,,2,5711,MEDICO CIRUJANO GENERAL,,,
2835,MEDICO VETERINARIO ZOOTECNISTA,,,2,5711,MEDICO CIRUJANO PARTERO,,,
1175,MERCADOTECNIA,,,2,5711,MEDICO CIRUJANO Y PARTERO,,,
1997,MERCADOTECNIA,,,2,5711,MEDICO GENERAL,,,
883,MERCADOTECNIA,,,2,5711,MEDICO QUIRURGUICO,,,
355,MERCDOCTENIA,,,2,5712,ENFERMERA,,,
1402,NBEGOCIOS INTERNACIONALES,,,2,5712,ENFERMERA,,,
2126,NEGOCIOS INTERNACIONALES,,,2,5712,ENFERMERIA,,,
2832,NGENIERIA MECATRONICA,,,2,5712,ENFERMERIA,,,
77,NO QUIZO RESPONDER,,,2,5712,ENFERMERIA,,,
1037,NORMAL,,,2,5712,ENFERMERIA,,,
2506,NORMAL BASICA,,,2,5712,ENFERMERIA,,,
2503,NORMAL PRIMARIA,,,2,5712,ENFERMERIA GENERAL,,,
1073,NORMAL SUPERIOR,,,2,5712,ENFERMERIA Y OBSTETRICIA,,,
2007,NORMALISTA,,,2,5712,LIC EN ENFERMERIA,,,
2201,NUTRICION,,,2,5712,LICENCIADA EN EMFERMERIA,,,
785,NUTRICION,,,2,5712,LICENCIADA EN ENFERMERIA,,,
2695,NUTRICION CLINICA,,,2,5712,LICENCIADA EN ENFERMERIA,,,
1752,ODONTOLOGIA,,,2,5712,LICENCIADO EN ENFERMERIA,,,
2825,ODONTOLOGIA,,,2,5712,LICENCIATURA EN ENEFERMERIA Y OBSTETRICIA,,,
1546,ODONTOLOGIA,,,2,5712,LICENCIATURA EN ENFERMERIA,,,
1560,ODONTOLOGIA,,,2,5712,LICENCIATURA EN ENFERMERIA,,,
1659,ODONTOLOGIA,,,2,5712,LICENCIATURA EN ENFERMERIA,,,
1389,ODONTOLOGIA,,,2,5712,LICENCIATURA EN ENFERMERIA,,,
657,ODONTOLOGIA,,,2,5712,LICENCIATURA EN ENFERMERIA,,,
521,OLISTICA,,,2,5712,LICENCIATURA EN ENFERMERIA,,,
1241,OPTOMETRIA,,,2,5712,LICENCIATURA EN ENFERMERIA,,,
868,PEDAGOGIA,,,2,5712,LICENCIATURA EN ENFERMERIA,,,
2604,PEDAGOGIA,,,2,5712,LICENCIATURA EN ENFERMERIA,,,
467,PERIODISMO,,,2,5712,LICENCIATURA EN ENFERMERIA,,,
430,PILOTO AVIADOR,,,2,5712,LICIENCIATURA EN ENFERMERIA,,,
1249,PREPARACI√ìN DE ALIMENTOS Y BEBIDAS,,,2,5712,LICIENTATURA N ENFERMERIA,,,
1610,PROFESIONAL ASOCIADO EN TERAPIA FISICA,,,2,5712,URGENCIAS MEDICAS PREHOSPITALARIAS,,,
1614,PROFESIONAL TECNICO CONTABLE ADMINISTRATIVO,,,2,5713,CD LIC EN ODONTOLOGIA,,,
2010,PROFESIONAL TECNICO EN TURISMO,,,2,5713,CIRUJANO DENTISTA,,,
2507,PROFESOR,,,2,5713,CIRUJANO DENTISTA,,,
1606,PROFESOR DE EDUCACION PRIMARIA,,,2,5713,ESTOMATOLOGIA,,,
1446,PROFESOR DE PRIMARIA,,,2,5713,ESTOMATOLOGIA,,,
2451,PROFESOR EDUCADOR PREESCOLAR,,,2,5713,ESTOMATOLOGIA,,,
1061,PROFESORA EDUCACION PRIMARIA,,,2,5713,LICENCIATURA EN ODONTOLOG√çA,,,
2706,PROGRAMADOR ANALISTA,,,2,5713,MEDICO CIRUJANO DENTISTA,,,
1334,PROGRAMADOR ANALISTA,,,2,5713,MEDICO CIRUJANO DENTISTA,,,
2707,PROGRAMADOR ANALISTA EN INFORMATICA,,,2,5713,ODONTOLOGIA,,,
1239,PROGRAMADORA ANALISTA,,,2,5713,ODONTOLOGIA,,,
967,PSICOLOGIA,,,2,5713,ODONTOLOGIA,,,
2646,PSICOLOGIA,,,2,5713,ODONTOLOGIA,,,
1403,PSICOLOGIA,,,2,5713,ODONTOLOGIA,,,
1356,PSICOLOGIA,,,1,5714,INGENIERIA BIOMEDICA,,,
1880,PSICOLOGIA,,,2,5714,QUIMICA CLINICA,,,
1906,PSICOLOGIA,,,2,5714,QUIMICO CLINICO BIOLOGO,,,
1808,PSICOLOGIA,,,2,5714,RADIOLOGIA,,,
143,PSICOLOGIA,,,2,5715,FISIOTERAPIA,,,
1759,PSICOLOGIA,,,2,5715,FISIOTERAPIA,,,
2203,PSICOLOGIA,,,2,5715,FISIOTERAPIA,,,
1414,PSICOLOGIA,,,2,5715,LIC EN NUTRICION,,,
90,PSICOLOGIA,,,2,5715,LICENCIADA EN FISIOTERAPIA,,,
1304,PSICOLOGIA,,,2,5715,LICENCIADA EN FISIOTERAPIA,,,
2026,PSICOLOGIA CLINICA,,,2,5715,LICENCIADA EN NUTRICCION,,,
2777,PSICOLOGIA EDUCATIVA,,,2,5715,LICENCIATURA EN FICIOTERAPIA Y REAVILITACION FISIC,,,
1407,PSICOLOGIA EDUCATIVA,,,2,5715,LICENCIATURA EN FISIO TERAPIA,,,
1169,PSICOTERAPIA ERICSONIANA,,,2,5715,LICENCIATURA EN NUTRICION,,,
2701,PSICOTERAPIA HUMANISTA,,,2,5715,LICENCIATURA EN NUTRICION Y GASTRONOMIA,,,
1040,PUBLICIDAD Y MERCADOTECNIA,,,2,5715,NUTRICION,,,
1111,PUERICULTURA,,,2,5715,NUTRICION,,,
2078,QUIMICA,,,2,5715,OPTOMETRIA,,,
2631,QUIMICA CLINICA,,,2,5715,REHABILITACION Y TERAPIA FISICA,,,
1620,QUIMICO CLINICO BIOLOGO,,,3,5715,LICENCIATURA DE PFISIOTERAPIA,,,
335,QUIMICO FARMACEUTICO BIOLOGO,,,4,5715,LICENCIATURA EN TERAPIA FISICA,,,
360,QUIMICO FARMACEUTICO BIOLOGO,,,2,5716,QUIMICO FARMACEUTICO BIOLOGO,,,
1388,QUIMICO FARMACOBIOLOGIA,,,2,5716,QUIMICO FARMACEUTICO BIOLOGO,,,
934,QUIMICO FARMACOBIOLOGO,,,4,5811,LICENCIATURA EN CIENCIAS APLICADAS AL DEPORTE,,,
2429,QUIMICO FARMACOBIOLOGO,,,3,5814,AUXILIAR ADMINISTRATIVO,,,
1068,QUIMICO INDUSTRIAL,,,1,5821,INGENIERIA EN TRANSPORTE,,,
1954,RADIOLOGIA,,,3,5841,CIATURA EN SEGURIDAD PUBLICA,,,
1153,RECURSOS HUMANOS,,,3,5841,SEGURIDAD PUBLICA,,,
76,REHABILITACION Y TERAPIA FISICA,,,5,5999,LICENCIATURA SIN NOMBRE,,,
1421,RELACIONES INDUSTRIALES,,,5,5999,NO QUIZO RESPONDER,,,
1215,RELACIONES INTERNACIONALES,,,3,6113,ESPECIALIDAD EN PSICOLOGIA ESDUCATIVA,,,
2355,RELACIONES INTERNACIONALES,,,3,6330,ADMINISTRCION,,,
1949,R√çA EN COMPUTACI√ìN,,,3,6335,EVALUACION DE PROYECTOS,,,
1793,SACERDOTE,,,3,6341,DERECHO PENAL,,,
1896,SALUD PUBLICA,,,3,6341,LICENCIADO EN DERECHO,,,
2122,SECRETAIRA CORRESPONSAL,,,2,6411,HISTOPATOLOGIA,,,
2388,SECRETARA EJECUTIVA,,,1,6431,MATEMATICAS AVANSADAS,,,
1792,SECRETARIA,,,1,6432,ESTADISTICAS EXPRIMENTADAS,,,
2017,SECRETARIA,,,2,6532,ESPECIALIDAD EN INGENIERIA URBANA,,,
2114,SECRETARIA,,,3,7110,CIENCIAS DE LA EDUCACION,,,
2350,SECRETARIA,,,3,7110,CIENCIAS DE LA EDUCACION,,,
2831,SECRETARIA,,,3,7110,LICENCIATURA EN EDUCACION,,,
13,SECRETARIA ADMINISTRATIVA,,,3,7110,MAESTRIA EN CIENCIAS DE LA EDUCACION,,,
1601,SECRETARIA AUXILIAR,,,3,7110,MAESTRIA EN EDUCACION,,,
1043,SECRETARIA BILINGUE,,,3,7110,MAESTRIA EN EDUCACION,,,
193,SECRETARIA BILINGUE,,,3,7110,MAESTRIA EN EDUCACION,,,
2476,SECRETARIA BILINGUE CONTADOR PRIVADO,,,3,7110,MAESTRIA EN EDUCACION,,,
2052,SECRETARIA COMERCIAL,,,3,7110,MAESTRIA EN EDUCACION,,,
1951,SECRETARIA COMERCIAL,,,3,7111,MAESTRIA EN CIENCIAS COGNITIVAS,,,
1604,SECRETARIA EJECUTIVA,,,3,7111,MAESTRIA EN EDUCACION BASICA,,,
1607,SECRETARIA EJECUTIVA,,,4,7111,MAESTRIA EN PEDADOGIA,,,
2743,SECRETARIA EJECUTIVA,,,3,7112,DOCENCIA E INOVACION EDUCATIVA,,,
578,SECRETARIA EJECUTIVA,,,3,7112,INNOVACION E INVESGACION EDUCATIVA,,,
1545,SECRETARIA EJECUTIVA,,,3,7112,INVESTIGACION EDUCATIVA,,,
1599,SECRETARIA EJECUTIVA,,,2,7113,MAESTRIA EN PSICOPEDAGOGIA,,,
194,SECRETARIA EJECUTIVA,,,4,7114,TECNOLOGIAS EN EDUCACION,,,
218,SECRETARIA EJECUTIVA,,,3,7120,FORMACION DOCENTE,,,
294,SECRETARIA EJECUTIVA,,,3,7128,DIFICULTADES EN EL APRENDIZAJE,,,
1497,SECRETARIA EJECUTIVA,,,3,7224,MAESTRIA EN HISTORIA REGIONAL,,,
1192,SECRETARIA EJECUTIVA BILINGUE,,,3,7310,CIENCIAS SOCIALES,,,
2466,SECRETARIA EJECUTIVA BILINGUE Y CONTADOR PRIVADO,,,2,7311,PSICOTERAPIA ERICSONIANA,,,
1567,SECRETARIA EJECUTIVA EN INFORMATICA,,,2,7311,PSICOTERAPIA HUMANISTA,,,
1627,SECRETARIA EJECUTIVA Y CONTADOR PRIVADO,,,2,7311,TERAPIA GESTAL,,,
14,SECRETARIA EJECUTIVA Y CONTADOR PRIVADO,,,4,7311,MAESTRIA EN CICOTERAPIA INFANTIL,,,
1095,SECRETARIA EN AREAS CONTABLES Y COMERCIALES,,,4,7311,MAESTRIA EN SICOTERAPIA,,,
462,SECRETARIA TAQUIMECANOGRAFA,,,3,7312,EN CIENCIAS SOCIALES EN ESTUDIOS CULTURALES,,,
2058,"SECRETARIA, EN AREAS CONTABLES Y COMERCIALES",,,3,7313,RELACIONES INTERNACIONALES,,,
2189,SECRETARIADO,,,1,7314,INGENIERIA ECONOMICA Y FINANCIERA,,,
2247,SECRETARIADO,,,3,7314,LICENCIATURA EN ECONOMIA,,,
2190,SECRETARIADO,,,4,7315,MAESTRIA EN INTERVENCION EN PAREJA Y FAMILIA,,,
2469,SECRETARIADO,,,4,7322,MAESTRIA EN BIBLIOTECOLOGIA,,,
2573,SECRETARIADO,,,3,7330,MAESTRIA EN ADMINISTRACION,,,
458,SECRETARIADO,,,3,7330,MAESTRIAN EN ADIMINISTRACION,,,
1507,SECRETARIADO,,,4,7330,LIDERAZGO EN ADMINISTRACION ACADEMICA,,,
633,SECRETARIADO COMERCIAL,,,3,7331,ADMINISTRACION INTERNACIONAL,,,
2077,SECRETARIADO COMERCIAL,,,3,7331,MAESTRIA EN ADMINISTRACION DE NEGOCIOS,,,
714,SECRETARIADO EJECUTIVO,,,3,7331,MAESTRIA EN ADMINISTRACION Y NEGOCIOS,,,
2312,SECRETARIADO EJECUTIVO,,,3,7331,MAESTRIA EN NEGOCIOS,,,
1580,SEGURIDAD PUBLICA,,,3,7332,MAESTRIA EN MERCADOTECNIA,,,
1060,SICOLOGIA,,,3,7332,MARKETING Y PUBLICIDAD,,,
1118,SICOLOGIA,,,3,7332,MERCDOCTENIA,,,
1704,SISTEMA COMPUTACIONALES,,,5,7332,MAESTRIA EN VENTAS,,,
101,SISTEMAS COMPUTACIONALES,,,3,7333,ADMINISTRACION FINANCIERA,,,
2667,SISTEMAS COMPUTACIONALES ADMINISTRATIVOS,,,3,7333,FINANZAS,,,
1163,SISTEMAS DE INFORMACION,,,3,7333,FINANZAS INTERNACIONALES,,,
1662,SISTEMAS DIGITALES Y ROBOTICA,,,3,7334,AUDITORIA,,,
1791,SOCIOLOGIA,,,3,7334,CONTADURIA,,,
1188,SUPERVISOR INDUSRTRIAL,,,3,7335,ADMINISTARACION PUBLICA,,,
2313,TAQUIMACANOGRAFIA,,,3,7335,ADMINISTRACION DE EMPRESAS,,,
343,TAQUIMECANOGRAFA,,,3,7335,ADMINISTRACION DE EMPRESAS CONSTRUCTORAS,,,
387,TECNICA AGROPECUARIA,,,3,7335,ADMINISTRACON EDUCATIVA,,,
1693,TECNICA COMERCIAL,,,3,7335,MAESTRIA EN ADMINISTRACION,,,
306,TECNICA EN AUXILIAR DE ENFERMERIA,,,3,7335,MAESTRIA EN ADMINISTRACION DE EMPRESAS,,,
1668,TECNICA EN ENFERMERIA,,,3,7335,MAESTRIA EN ADMINISTRACION PUBLICA,,,
2061,TECNICA EN ENFERMERIA GENERAL,,,3,7341,DERECHO,,,
2398,TECNICA EN HOTELERIA Y GASTRONOMIA,,,3,7341,DERECHO CONSTITUCIONAL,,,
2013,TECNICA EN TRABAJO SOCIAL,,,3,7341,DERECHO FISCAL Y EMPRESARIAL,,,
766,TECNICO AUTOMOTRIZ,,,3,7341,DERECHO HESTION YAMPARO,,,
65,TECNICO AUXILIAR CONTABLE,,,3,7341,LICENCIATURA EN DERECHO,,,
1335,TECNICO DE AVIACION,,,3,7341,LICENCIDO EN DERECHO,,,
2123,TECNICO EN ALIMENTOS,,,3,7341,MAESTRAIA EN DERECHO ECONOMICO,,,
251,TECNICO EN AVIACION,,,3,7341,MAESTRIA EN CIENCIA JURIDICO PENAL,,,
1797,TECNICO EN COMPUTACION,,,3,7341,MAESTRIA EN DERECHO,,,
1203,TECNICO EN COMPUTACI√ìN Y CONTABILIDAD,,,2,7411,BIOMEDICINA Y BIOTECNOLOGIA MOLECULAR,,,
419,TECNICO EN ENFERMERIA,,,2,7422,MAESTRIA EN CIENCIAS QUIMICAS,,,
1602,TECNICO EN ENFERMERIA,,,3,7422,CIENCIAS DE MATERIALES,,,
2851,TECNICO EN MAQUINAS Y HERRAMIENTAS,,,1,7431,ESPECIALIZADO EN MATEMATICAS,,,
1629,TECNICO EN MECANICA INDUSTRIAL,,,1,7441,MASTER EN COMPUTACION,,,
728,TECNICO EN PRECESOS DE PRODUCCION INDUSTRIAL,,,1,7510,MAESTRIA EN INGENIERIA INDUSTRIAL,,,
1851,TECNICO EN PUERICULTURA INFANTIL,,,1,7511,INGENIERIA MECANICA,,,
399,TECNICO EN SEGURIDAD INDUSTRIAL,,,1,7510,MAESTRIA EN DISE√ëO INDUSTRIAL,,,
2359,TECNICO EN TRABAJO SOCIAL,,,2,7512,BIOENERGETICA,,,
245,TECNICO MECANICO NAVAL,,,2,7514,BIOTECNOLOGIA PRODUCTIVA,,,
765,TECNICO PROFESIONAL EN INFORMATICA,,,1,7516,INGENIERIA DEL MEDIO AMBIENTE,,,
446,TECNICO PROGRAMADOR,,,3,7517,MAESTRIA EN COMUNICACIONES,,,
764,TECNICO QUIMICO INDUSTRIAL,,,1,7532,INGENIERIA CIVIL,,,
636,TECNICO SUPERIOR UNIVERSITARIO EN INFORMATICA,,,1,7532,"INGENIERIA CIVIL, ESPECIALIDAD EN HIDROLOGIA CON M",,,
2681,TECNICO SUPERIOR UNIVERSITARIO EN INFORMATICA ADMI,,,2,7711,ESPECIALIDAD EN GINECOLOG√çA,,,
2254,TECNICO VETERINARIO,,,2,7711,GINECOLOGIA,,,
2807,TECNOLOGIAS EN EDUCACION,,,2,7711,MEDICINA  FAMILIAR,,,
1194,TECNOLOGO PROFESIONAL ENINFRMATICA,,,2,7711,MEDICINA FAMILIAR,,,
454,TERAPIA GESTAL,,,2,7711,MEDICINA FAMILIAR,,,
2367,TRABAJADORA SOCIAL,,,2,7712,ENFERMERIA INFANTIL,,,
1579,TRABAJADORA SOCIAL,,,2,7712,ENFERMERIA PEDIATRICA,,,
1336,TRABAJO SOCIAL,,,2,7713,ODONTOLOGIA,,,
2095,TRABAJO SOCIAL,,,2,7715,NUTRICION CLINICA,,,
2634,TRABAJO SOCIAL,,,2,7717,SALUD PUBLICA,,,
848,TRABAJO SOCIAL,,,3,8110,DOCTORADO EN CIENCIAS DE LA EDUCACION,,,
595,TRABAJO SOCIAL,,,3,8110,DOCTORADO EN EDUCACION,,,
311,TRABAJO SOCIAL,,,3,8110,DOCTORADO EN EDUCACION,,,
1370,TRABAJO SOCIAL,,,3,8111,GESTION PEDAGOGICA,,,
563,TRABAJO SOCIAL,,,3,8126,ENTRENADORA DE EDUCACION,,,
2318,TSU EN MANUFACTURA AERONAUTICA EN MAQUINARIA DE PR,,,3,8310,DOCTORADO EN CIENCIAS SOCIALES Y HUMANIDADES,,,
1382,TURISMO,,,4,8312,DOCTORADO EN ESTUDIOS REGIONALES,,,
749,TURISMO,,,3,8335,ADMINISTRACION PUBLICA,,,
197,TURISMO ALTERNATIVO,,,3,8335,CIENCIAS POLITICAS Y ADMINISTRACCION PUBLICA,,,
258,TURISMO ALTERNATIVO,,,2,8423,DOCTORADO EN INVESTIGACION DE  SUELOS Y AGUA,,,
925,TURISMO Y HOTELERIA,,,1,8514,INGENIERIA DE LAS REACCIONES QUIMICAS,,,
1985,URGENCIAS MEDICAS PREHOSPITALARIAS,,,1,8514,INGENIERIA QUIMICA,,,
1961,VETERINARIA,,,2,8715,EN CIENCIAS DE NUTRICION TRASNACIONAL,,,
